Label,Art Num,TTR Ratio,Avg Stop Words,Avg Sent Len,Rare,Gram,verb,noun,rare_new
0,1,0.834829443,1,15.05405405,0.126110124,2.453321364,0.053679654,0.851082251,0
1,2,0.568872987,1.431127013,18.61643836,0.103529412,1.961000736,0.067232838,0.811748054,0.058649982
0,3,0.897321429,1.125,14.875,0.124113475,2.165966387,0.052525253,0.856565657,0
1,4,0.678233438,0.776025237,18.16129032,0.11827957,2.220248668,0.017301038,0.918685121,0.056109553
0,5,0.922651934,0.966850829,16.95238095,0.136752137,3.157303371,0.029891304,0.902173913,0
0,6,0.864321608,1.025125628,19.19047619,0.112359551,3.29280397,0.0625,0.832932692,0
1,7,0.809859155,0.73943662,12.35,0.203703704,2.068825911,0.044609665,0.87732342,0.002886003
1,8,0.734042553,0.875886525,12.90243902,0.128472222,1.652173913,0.055956679,0.855595668,0.061551483
1,9,0.660777385,0.64664311,24.52631579,0.10041841,1.736051502,0.018480493,0.926078029,0.079610547
0,10,0.96350365,1,13.7,0.140625,2.357664234,0.084210526,0.789473684,0
0,11,0.928571429,0.942857143,17,0.109375,2.363970588,0.064516129,0.795698925,0
1,12,0.77852349,0.838926174,18.26666667,0.111764706,1.635036496,0.052816901,0.887323944,0.036420687
0,13,0.923664122,1,13.78947368,0.08045977,2.114503817,0.059479554,0.788104089,0
1,14,0.777777778,0.829059829,23.77777778,0.125,3.200934579,0.013157895,0.936403509,0.144436673
1,15,0.75,0.859090909,12.39393939,0.087866109,1.97799511,0.043378995,0.872146119,0.017786542
0,16,0.887323944,1.014084507,12.61764706,0.092592593,2.806526807,0.055679287,0.839643653,0
0,17,0.962732919,0.98136646,13.29166667,0.144144144,3.24137931,0.060240964,0.840361446,0
0,18,0.890322581,0.996774194,22.92592593,0.162983425,2.91276252,0.065522621,0.815912637,0.013605442
0,19,0.908108108,1.032432432,20.88888889,0.086206897,4.412234043,0.0475,0.8575,0
1,20,0.6875,0.768382353,20.91304348,0.078431373,3.278586279,0.038383838,0.888888889,0.009661869
0,21,0.9,0.975,17.55555556,0.119617225,2.905063291,0.067647059,0.826470588,0
1,22,0.689956332,0.80349345,15.88461538,0.146919431,2.85472155,0.025581395,0.904651163,0.052128179
1,23,0.767567568,0.767567568,19.23529412,0.084158416,1.691131498,0.03880597,0.889552239,0.006780916
1,24,0.757062147,0.824858757,19,0.137362637,2.786377709,0.025641026,0.897435897,0.011879897
0,25,0.895910781,0.933085502,22.60869565,0.100628931,3.990384615,0.040740741,0.892592593,0
1,26,0.781420765,0.836065574,15.27272727,0.09,2.50297619,0.055401662,0.844875346,0.206253802
1,27,0.65379113,0.954220315,16.45783133,0.104240283,1.679355783,0.046250876,0.85984583,0.035190991
1,28,0.75,0.775,18.68421053,0.12,3.169014085,0.037333333,0.866666667,0.042690612
0,29,0.806603774,0.935534591,14.6547619,0.162337662,3.317627945,0.044496487,0.861826698,0
0,30,0.937062937,0.951048951,13.95,0.11827957,2.720430108,0.048275862,0.85862069,0
0,31,0.876190476,0.99047619,13.93333333,0.111111111,2.306220096,0.061503417,0.790432802,0
0,32,0.915,0.965,16.375,0.125,2.623409669,0.060532688,0.852300242,0
1,33,0.689243028,0.669322709,14.44827586,0.11790393,2.675417661,0.036951501,0.879907621,0.031971007
1,34,0.786729858,0.886255924,17.30434783,0.147982063,1.648241206,0.031476998,0.87409201,0.013549751
0,35,0.954887218,1.067669173,18.33333333,0.106951872,1.996363636,0.045936396,0.855123675,0
1,36,0.741758242,0.928571429,25.07142857,0.11827957,3.732193732,0.027855153,0.888579387,0.02071347
1,37,0.60324826,1.067285383,14.85,0.123893805,2.145903479,0.052688172,0.859139785,0.09663547
1,38,0.628289474,0.713815789,21.70833333,0.103585657,3.595009597,0.028985507,0.894927536,0.095776746
1,39,0.680751174,0.718309859,15.91304348,0.091370558,1.762295082,0.026109661,0.890339426,0.020125475
1,40,0.538796861,1.059285092,15.85234899,0.154371585,1.979678239,0.06285028,0.848678943,0.255770232
1,41,0.70212766,0.925531915,16.45454545,0.111111111,3.03038674,0.060846561,0.862433862,0.060694944
0,42,0.806526807,0.979020979,13.91803279,0.107305936,2.455830389,0.059023837,0.827468785,0.004273504
0,43,0.899122807,1.192982456,20,0.073170732,2.836,0.059386973,0.846743295,0
1,44,0.763819095,1.015075377,16.04,0.140186916,1.812967581,0.045346062,0.859188544,0.009066751
1,45,0.710280374,0.990654206,12.52941176,0.084070796,1.79342723,0.062084257,0.858093126,0.037291789
0,46,0.924623116,1.095477387,17.375,0.13229572,2.067146283,0.046296296,0.865740741,0
1,47,0.669642857,0.620535714,18.15,0.106280193,2.702479339,0.021052632,0.905263158,0.019997014
0,48,0.739714526,1.001679261,15.89333333,0.15513834,2.589345638,0.063081278,0.829761423,0
1,49,0.822222222,0.894444444,21.3125,0.112195122,2.876832845,0.027322404,0.879781421,0.019569617
0,50,0.892215569,0.904191617,13.82608696,0.090047393,2.452830189,0.052147239,0.849693252,0
1,51,0.744,0.856,15.46666667,0.06147541,2.42887931,0.033542977,0.874213836,0
1,52,0.585009141,0.873857404,21.35416667,0.141414141,3.146341463,0.020522388,0.893656716,0.47091007
0,53,0.922580645,1,11.92307692,0.08056872,2.606451613,0.088685015,0.773700306,0
1,54,0.728448276,0.831896552,15.17857143,0.126086957,2.8,0.043956044,0.850549451,0.067517278
1,55,0.671548117,0.949790795,12.26315789,0.179176755,2.083690987,0.065024631,0.818719212,0.3393076
0,56,0.892376682,1.080717489,13.25714286,0.099630996,2.420258621,0.061052632,0.814736842,0
1,57,0.725663717,1.362831858,15.40384615,0.134110787,2.04494382,0.070921986,0.800236407,0.301187986
1,58,0.620853081,1.165876777,15.94186047,0.1,3.007293946,0.094809689,0.78200692,0.033519958
0,59,0.920731707,1.079268293,16.23809524,0.11627907,2.598240469,0.062322946,0.818696884,0
0,60,0.95505618,0.95505618,10.23529412,0.0859375,1.942528736,0.088888889,0.811111111,0
1,61,0.7375,0.9,20.26666667,0.100591716,2.967105263,0.027108434,0.888554217,0.011904762
0,62,0.936651584,0.941176471,13.83870968,0.113879004,2.505827506,0.045351474,0.87755102,0
1,63,0.529411765,0.701470588,17.01470588,0.112311015,2.319792567,0.03215169,0.883759275,0.170712995
1,64,0.708971554,0.89059081,13.71428571,0.132678133,1.752314815,0.036677454,0.870550162,0.0648988
1,65,0.502487562,0.854726368,15.27868852,0.164323374,2.152360515,0.045883253,0.86591894,0.407523846
0,66,0.860714286,0.896428571,10.83673469,0.128930818,2.350282486,0.070652174,0.802536232,0
1,67,0.799019608,1.093137255,17.08,0.081896552,2.201405152,0.031390135,0.910313901,0
1,68,0.716049383,0.679012346,17.73913043,0.110132159,2.06127451,0.014117647,0.898823529,0.014337435
1,69,0.568825911,1,14.96969697,0.102150538,3.284412955,0.046601942,0.854368932,0.079441681
1,70,0.704225352,0.61971831,18.15789474,0.070707071,1.898550725,0.016853933,0.918539326,0.02870483
1,71,0.624703088,0.957244656,12.11764706,0.077363897,1.595873786,0.073647871,0.83429229,0.0111128
0,72,0.875536481,1.111587983,16.96551724,0.087108014,2.349593496,0.051587302,0.859126984,0
0,73,0.833333333,1.003472222,14.98701299,0.147008547,2.386481802,0.052325581,0.84551495,0
1,74,0.698198198,0.977477477,11.86486486,0.086363636,1.676537585,0.07775378,0.788336933,0.008333333
0,75,0.880434783,0.948369565,13.52830189,0.137019231,2.309623431,0.070478723,0.817819149,0
1,76,0.690017513,0.866900175,16.65625,0.12371134,1.779549719,0.046195652,0.860507246,0.086436537
0,77,0.813993174,1.061433447,13.88505747,0.125214408,2.956125828,0.067246835,0.809335443,0
0,78,0.947761194,0.910447761,16,0.14893617,2.60546875,0.083941606,0.788321168,0
0,79,0.819301848,1.012320329,14.20289855,0.128712871,2.214285714,0.064165844,0.818361303,0
0,80,0.849206349,0.875,14.765625,0.181818182,3.001058201,0.041794088,0.861365953,0
1,81,0.774193548,0.961290323,9.212121212,0.118343195,2.355263158,0.046376812,0.857971014,0.022120519
0,82,0.674366197,1.005633803,14.53061224,0.172051089,2.817134831,0.061208054,0.830067114,0.007271572
1,83,0.742616034,0.793248945,18.47826087,0.077586207,3.162352941,0.04454343,0.870824053,0.117647059
0,84,0.907692308,0.948717949,14.61538462,0.090534979,2.363157895,0.060453401,0.838790932,0
0,85,0.926966292,0.971910112,14.625,0.132478632,2.39031339,0.044568245,0.857938719,0
0,86,0.827898551,0.96557971,16.19402985,0.148479428,2.893087558,0.055950266,0.849023091,0
1,87,0.764705882,1.142857143,15,0.092857143,1.917647059,0.037878788,0.859848485,0.227607443
1,88,0.664739884,0.658959538,19.79310345,0.191780822,2.475609756,0.037766831,0.878489327,0.015748031
1,89,0.557894737,1.073684211,22.98333333,0.120950324,2.87382161,0.045548654,0.866804693,0.308238728
1,90,0.697115385,0.697115385,18.57894737,0.121827411,1.773371105,0.022284123,0.899721448,0.005479452
1,91,0.742738589,0.892116183,14.25,0.127572016,1.890350877,0.014373717,0.905544148,0.17604595
0,92,0.906040268,1.026845638,15.1,0.088082902,2.837748344,0.054662379,0.819935691,0
0,93,0.838268793,1.029612756,12.91304348,0.14893617,2.304152637,0.069370331,0.827107791,0
0,94,0.898026316,1.006578947,16.05263158,0.122222222,2.985245902,0.056338028,0.848200313,0
0,95,0.773519164,1.020905923,17.84615385,0.122710623,2.595689655,0.06473029,0.819917012,0
0,96,0.926940639,0.97260274,12.70588235,0.088560886,2.868055556,0.0496614,0.853273138,0
0,97,0.90960452,0.971751412,14.54166667,0.084745763,1.994269341,0.063186813,0.826923077,0
1,98,0.7,0.948,14.75757576,0.127572016,2.209445585,0.053846154,0.838461538,0.129738131
0,99,0.934911243,0.952662722,18.33333333,0.118483412,5.445454545,0.067055394,0.860058309,0.00260078
1,100,0.706730769,0.942307692,15.53846154,0.127962085,3.292079208,0.0554371,0.846481876,0.012552301
0,101,0.892682927,1.024390244,13.83333333,0.11372549,2.130120482,0.049411765,0.861176471,0
1,102,0.680672269,0.852941176,13.36363636,0.101769912,2.646258503,0.032193159,0.865191147,0.007764626
1,103,0.731343284,0.855721393,17.76190476,0.103286385,1.436997319,0.044155844,0.890909091,0
1,104,0.764444444,0.937777778,14.06451613,0.137931034,2.899082569,0.041067762,0.876796715,0.17045492
1,105,0.344882517,1.198725607,13.17661098,0.131683168,2.214453903,0.076068079,0.81208753,1.271423987
1,106,0.755102041,1.056122449,17.52173913,0.08056872,1.617866005,0.061611374,0.855450237,0.037313433
1,107,0.74009901,0.742574257,14.36734694,0.134920635,1.713068182,0.036290323,0.864247312,0.041552925
1,108,0.665271967,0.811715481,16.65384615,0.18061674,2.48960739,0.035940803,0.877378436,0.113700236
1,109,0.621276596,1.017021277,16.92857143,0.095238095,2.037974684,0.038934426,0.868852459,0.068618238
0,110,0.828685259,1.001992032,16.47540984,0.124031008,2.975124378,0.061068702,0.844465649,0
1,111,0.462686567,0.703624733,14.52727273,0.081355932,3.357947434,0.029339853,0.885085575,0.035750414
1,112,0.516441006,1.044487427,12.01136364,0.092178771,2.764427625,0.076438849,0.821043165,0.482343054
0,113,0.910958904,0.97260274,14.4,0.083333333,1.954861111,0.037288136,0.850847458,0
1,114,0.409963437,1.295703839,12.43316832,0.125121242,2.234521202,0.083766609,0.783169651,0.226067262
0,115,0.898230088,0.920353982,13.15151515,0.106227106,2.612903226,0.063736264,0.813186813,0
0,116,0.885304659,1.068100358,16.97058824,0.121212121,3.149046794,0.054908486,0.855241265,0.002525253
1,117,0.511811024,1.215748031,21.31818182,0.102088167,2.563610519,0.061694915,0.825762712,0.289634677
0,118,0.902953586,0.953586498,17.14814815,0.118881119,2.73650108,0.048319328,0.861344538,0
0,119,0.863468635,1.018450185,16.08823529,0.125401929,2.771480804,0.059130435,0.83826087,0
0,120,0.935294118,1.035294118,15.72727273,0.088888889,2.514450867,0.067039106,0.824022346,0
0,121,0.913385827,0.948818898,15.46875,0.108626198,2.882828283,0.079457364,0.812015504,0
0,122,0.593889243,1.011775939,15.05,0.20119225,2.71966461,0.060185891,0.832546092,0.014912887
0,123,0.928571429,1.198412698,11.54166667,0.079096045,2.472924188,0.081850534,0.790035587,0
1,124,0.691176471,0.827205882,33.13333333,0.089068826,2.084507042,0.029182879,0.89688716,0.029547767
0,125,0.886567164,1.089552239,14,0.12371134,2.187142857,0.063273728,0.851444292,0
0,126,0.891402715,0.945701357,15.92592593,0.116788321,1.906976744,0.04954955,0.849099099,0
0,127,0.893162393,1.064102564,16.65517241,0.106382979,2.281573499,0.055776892,0.84063745,0
0,128,0.856423174,1.050377834,14.53571429,0.096997691,2.670761671,0.060786651,0.836710369,0
1,129,0.625,0.800925926,18.52380952,0.135416667,1.632390746,0.027027027,0.904176904,0.09051208
1,130,0.736040609,1.096446701,14.24137931,0.126760563,1.966101695,0.042056075,0.876168224,0.345100875
0,131,0.809182209,0.944045911,15.2247191,0.13880597,2.592619926,0.071225071,0.831196581,0
0,132,0.597556949,0.982832618,14.82962963,0.217169136,2.627539128,0.055993564,0.842477876,0
0,133,0.829568789,1.030800821,14.76119403,0.140594059,2.871587462,0.060928433,0.820116054,0
0,134,0.971153846,1.028846154,13.1875,0.052980132,2.061611374,0.042056075,0.855140187,0
0,135,0.933628319,1.026548673,20.81818182,0.105633803,3.742358079,0.064989518,0.813417191,0
1,136,0.652892562,0.855371901,21.38095238,0.153488372,1.913140312,0.037815126,0.863445378,0.180501265
0,137,0.905660377,1.198113208,15.53333333,0.111538462,2.240343348,0.054507338,0.836477987,0
0,138,0.894736842,1.172932331,13.13636364,0.093406593,2.470588235,0.072607261,0.808580858,0
0,139,0.95,1.183333333,11.39130435,0.107954545,1.927480916,0.072727273,0.825454545,0
0,140,0.942622951,0.942622951,12.47368421,0.096969697,2.341772152,0.032128514,0.883534137,0
1,141,0.753768844,0.658291457,15,0.104477612,2.133333333,0.020588235,0.923529412,0.019655134
0,142,0.903553299,0.969543147,16.86956522,0.111111111,2.713917526,0.075376884,0.804020101,0
0,143,0.876190476,0.987301587,16.91891892,0.112637363,3.597444089,0.056316591,0.841704718,0.0625
1,144,0.676470588,0.691176471,19.16666667,0.079365079,2.243478261,0.033057851,0.887052342,0.028063038
1,145,0.69023569,0.558922559,21.04545455,0.135135135,2.48812095,0.016771488,0.935010482,0.019132808
0,146,0.786570743,1.069544365,15.83486239,0.147859922,2.615874855,0.062150056,0.833146697,0
0,147,0.946236559,1.215053763,12.875,0.114285714,2.441747573,0.060747664,0.869158879,0
0,148,0.901639344,0.944262295,17.96969697,0.119777159,3.590219224,0.050080775,0.849757674,0
0,149,0.802224969,0.904820766,15.56565657,0.164276402,2.798831927,0.056946183,0.843554443,0
1,150,0.78597786,0.800738007,13.55555556,0.146853147,2.817622951,0.054901961,0.862745098,0.038009567
0,151,0.858085809,0.894389439,17.39393939,0.086455331,3.010452962,0.045685279,0.859560068,0
0,152,0.955223881,1.28358209,15.3,0.028571429,1.660130719,0.069620253,0.829113924,0
0,153,0.784537389,1.02661597,14.53636364,0.126875853,2.652908068,0.056797583,0.844108761,0.002590674
0,154,0.888461538,1.061538462,19.85185185,0.118012422,2.97761194,0.050724638,0.842391304,0
0,155,0.835095137,0.983086681,14.88888889,0.148594378,2.268656716,0.070552147,0.858895706,0
0,156,0.881578947,0.884868421,16.37142857,0.097701149,2.766143106,0.04180602,0.867892977,0
1,157,0.52141527,1.163873371,10.75925926,0.078947368,2.254733219,0.103643725,0.770040486,0.028041272
1,158,0.766304348,1.038043478,25,0.069148936,1.733333333,0.072164948,0.842783505,0
1,159,0.769230769,0.868131868,15.9375,0.067137809,2.123529412,0.036053131,0.901328273,0
1,160,0.523908524,1.101871102,10.31632653,0.06744868,1.827893175,0.077358491,0.804716981,0.154002885
1,161,0.762645914,0.852140078,14.875,0.146616541,1.447478992,0.022,0.896,0.164023075
1,162,0.853211009,0.660550459,20.11111111,0.185483871,2.657458564,0.009803922,0.911764706,0.050911661
0,163,0.835877863,0.969465649,16.91803279,0.113594041,2.694767442,0.058988764,0.845505618,0
0,164,0.871069182,1.034591195,22.31034483,0.129476584,3.327666151,0.044576523,0.890044577,0
1,165,0.544416244,0.978426396,14.30275229,0.098113208,3.29634381,0.071297989,0.813528336,0.068851478
1,166,0.633663366,0.666666667,19.42307692,0.126923077,3.077227723,0.013035382,0.938547486,0.076853052
0,167,0.92920354,1.030973451,15.82758621,0.091549296,2.877995643,0.025806452,0.879569892,0
0,168,0.82970297,1.067326733,15.81818182,0.108527132,2.4348659,0.052141527,0.856610801,0.030769231
0,169,0.907488987,1.070484581,17.40740741,0.132142857,3.461702128,0.065306122,0.814285714,0
0,170,0.911214953,1.093457944,16,0.089285714,2.625,0.073375262,0.821802935,0
1,171,0.683760684,0.753846154,16.5483871,0.144897959,2.71539961,0.029438822,0.891444342,0.176967889
1,172,0.735294118,0.77124183,15.94117647,0.141891892,1.625461255,0.026595745,0.907801418,0.104073262
0,173,0.876623377,0.996753247,18.08823529,0.091922006,4.424390244,0.053459119,0.856918239,0
1,174,0.613636364,0.706439394,15.01666667,0.12345679,2.498335183,0.02991453,0.884615385,0.068342123
0,175,0.911917098,0.989637306,12.38709677,0.108333333,1.505208333,0.07,0.83,0
0,176,0.899521531,1.004784689,20.95,0.08203125,3.286396181,0.046728972,0.857476636,0
0,177,0.867435159,0.942363112,18.72222222,0.102362205,2.700296736,0.055873926,0.858166189,0
1,178,0.788381743,0.917012448,16.5,0.134615385,2.359307359,0.04312115,0.87063655,0.011467509
0,179,0.965517241,0.735632184,16.77777778,0.096491228,2.251655629,0.03164557,0.841772152,0
1,180,0.738916256,0.960591133,14.21428571,0.187214612,2.743718593,0.064748201,0.848920863,0.022305411
0,181,0.950276243,1.044198895,12.33333333,0.121848739,2.351351351,0.066838046,0.850899743,0
1,182,0.650429799,1.071633238,11.12307692,0.082539683,2.049792531,0.051181102,0.833333333,0.07530509
1,183,0.745341615,0.956521739,12.11538462,0.109195402,2.523809524,0.054878049,0.850609756,0.037037037
0,184,0.895,0.945,11.11428571,0.118367347,2.794344473,0.045226131,0.851758794,0
0,185,0.610759494,0.928006329,15.77346278,0.192627824,2.886335659,0.054919004,0.845120506,0.019916932
0,186,0.849411765,1.011764706,14.25,0.13174946,2.191812865,0.050732807,0.846674183,0.014925373
1,187,0.743697479,0.831932773,16.14814815,0.074688797,2.598623853,0.046255507,0.859030837,0.005084746
0,188,0.617449664,1.004847129,16.54461538,0.215598886,2.979356519,0.060938343,0.837317994,0.006889232
1,189,0.666666667,0.780626781,18.93939394,0.096989967,3.1856,0.034161491,0.897515528,0.007574161
1,190,0.719230769,0.826923077,15.83333333,0.133858268,3.898947368,0.046065259,0.861804223,0.046504492
1,191,0.809756098,0.746341463,18.84210526,0.154545455,2.416201117,0.015957447,0.909574468,0.025377624
0,192,0.622148486,1.008295313,15.46964856,0.193057247,2.792647666,0.05945516,0.839133028,0
1,193,0.56302521,0.963585434,20.02857143,0.092936803,2.389443652,0.033287101,0.880721221,0.112094864
1,194,0.670588235,0.705882353,18.125,0.047058824,3.593103448,0.02739726,0.883561644,0.009174312
0,195,0.91796875,1.05859375,13.51282051,0.102167183,2.669829222,0.060773481,0.812154696,0
0,196,0.873156342,1.061946903,14.5625,0.130769231,2.021459227,0.081267218,0.807162534,0
1,197,0.641975309,1.588477366,21.68965517,0.105263158,2.419713831,0.064914992,0.825347759,0.154718485
0,198,0.897959184,1.06122449,16.83333333,0.111940299,2.985148515,0.055045872,0.821100917,0
1,199,0.700581395,0.898255814,19.20588235,0.129032258,3.868300153,0.038690476,0.889880952,0.005141388
1,200,0.437948152,1.138444567,12.58766234,0.153433476,2.432550941,0.07190184,0.814723926,0.502656737
0,201,0.871080139,0.93728223,13.23809524,0.083333333,2.40647482,0.063793103,0.832758621,0
0,202,0.925233645,0.925233645,15.25925926,0.110701107,2.550970874,0.051282051,0.855477855,0
1,203,0.639042357,0.946593002,17.91525424,0.117241379,2.76064333,0.064840183,0.814611872,0.06709147
1,204,0.424592748,1.197582764,12.90740741,0.120126449,2.225251076,0.075372279,0.798167239,0.609636549
1,205,0.437274368,1.162454874,15.35897436,0.148782687,2.935934891,0.064503205,0.824719551,0.391334865
0,206,0.894273128,1.162995595,14.87878788,0.09929078,2.511201629,0.046875,0.865234375,0
1,207,0.672413793,0.775862069,13.55263158,0.113207547,1.994174757,0.024344569,0.880149813,0.003456221
0,208,0.852307692,1,17.56756757,0.126373626,2.950769231,0.038690476,0.849702381,0
1,209,0.675,1,17.0212766,0.152046784,2.37,0.01937046,0.907990315,0.035732024
1,210,0.784615385,0.9,22.45454545,0.064748201,1.684210526,0.02,0.904,0
1,211,0.636363636,1.018716578,18.41463415,0.129032258,3.025165563,0.050306748,0.86993865,0.142815726
1,212,0.70995671,0.822510823,16.19230769,0.139013453,3.03087886,0.035714286,0.863839286,0.071315034
0,213,0.890052356,0.942408377,16.13043478,0.113445378,2.371967655,0.044502618,0.866492147,0
0,214,0.91221374,1.053435115,11.69565217,0.125766871,2.150557621,0.078994614,0.818671454,0
1,215,0.726086957,0.739130435,12.5,0.094827586,1.9675,0.037527594,0.856512141,0
1,216,0.666666667,0.777777778,17.33333333,0.148867314,2.889423077,0.06097561,0.826219512,0.109481579
1,217,0.822727273,1.009090909,20.09090909,0.112840467,2.581447964,0.049040512,0.855010661,0.463658327
0,218,0.940677966,1.254237288,14.77777778,0.089820359,2.093984962,0.044609665,0.847583643,0
1,219,0.655518395,1.10367893,13.97777778,0.055944056,2.07154213,0.063732929,0.828528073,0.026108732
1,220,0.701421801,0.786729858,22.17647059,0.117924528,1.615384615,0.042713568,0.896984925,0.093157016
1,221,0.386442642,1.224797219,16,0.110275689,2.816927083,0.084716374,0.786970523,0.235902606
1,222,0.542168675,1.184738956,23.14893617,0.115492958,1.875,0.052212389,0.851327434,0.174011971
0,223,0.657648795,0.962124939,16.55186722,0.171293162,3.220857358,0.053330116,0.849903475,0.034968152
1,224,0.654676259,0.803357314,18.34146341,0.088825215,2.191489362,0.03164557,0.887341772,0.016543791
1,225,0.804123711,0.773195876,18.10526316,0.09569378,2.020348837,0.028328612,0.889518414,0
1,226,0.731707317,0.788617886,18.85714286,0.165697674,2.109090909,0.027777778,0.900584795,0.176772535
1,227,0.638336347,0.98915009,16.17647059,0.151029748,2.447272727,0.044091711,0.880070547,0.108628281
0,228,0.864197531,1.079012346,17.54166667,0.126914661,2.952494062,0.054919908,0.860411899,0
0,229,0.86908078,0.955431755,16.71428571,0.134663342,3.158119658,0.049247606,0.856361149,0.014355483
1,230,0.714876033,0.785123967,19.63636364,0.111570248,2.189814815,0.043290043,0.87012987,0.002358491
0,231,0.861788618,1.162601626,13.3,0.1,2.665413534,0.104529617,0.75261324,0.117647059
1,232,0.71,0.8275,20.30555556,0.073654391,2.150478796,0.038873995,0.888739946,0.005279926
1,233,0.768361582,0.847457627,17.21052632,0.068062827,1.418960245,0.026627219,0.890532544,0.004692805
0,234,0.867857143,1.146428571,16.69444444,0.143730887,3.073211314,0.064465409,0.820754717,0
0,235,0.854483926,1.030456853,17.39130435,0.10801964,2.464166667,0.056,0.8376,0
0,236,0.920245399,0.865030675,13.2173913,0.07804878,2.404605263,0.044871795,0.852564103,0
1,237,0.67,0.7225,21.53125,0.154302671,4.206095791,0.025641026,0.890688259,0.419323149
1,238,0.780487805,0.712195122,17.55,0.124401914,1.50997151,0.032697548,0.874659401,0.035297578
1,239,0.714285714,0.811688312,16.41176471,0.1625,3.47311828,0.025477707,0.907643312,0.059215183
0,240,0.880382775,0.928229665,10.89189189,0.108108108,2.374689826,0.049065421,0.824766355,0
1,241,0.709876543,0.691358025,13.04761905,0.154320988,1.729927007,0.037288136,0.877966102,0.07484602
1,242,0.801282051,0.685897436,11.95454545,0.123529412,2.460076046,0.021428571,0.892857143,0.036940633
0,243,0.9375,0.984375,12.7,0.102272727,2.649606299,0.056603774,0.811320755,0
0,244,0.865889213,0.991253644,20.6969697,0.143603133,3.913616398,0.045833333,0.855555556,0.004807692
0,245,0.93814433,0.984536082,18.33333333,0.108870968,4.444155844,0.0425,0.85,0
1,246,0.397743992,1.187346739,15.17006803,0.148535565,2.967040359,0.075117371,0.820742638,0.953495804
0,247,0.939849624,0.812030075,13.38888889,0.062146893,2.767634855,0.070866142,0.807086614,0
0,248,0.882653061,1.081632653,18.54545455,0.102040816,2.865196078,0.046620047,0.820512821,0
0,249,0.92,1.06,13.43478261,0.063414634,2.122977346,0.078369906,0.818181818,0
1,250,0.669270833,1.0703125,23.38235294,0.079646018,2.767295597,0.063397129,0.83492823,0.037923671
1,251,0.404603581,1.196419437,15.06666667,0.130387931,2.468095016,0.056275123,0.832514515,0.457989708
0,252,0.635992747,0.992747053,14.90169492,0.2,2.8844404,0.061776905,0.841301026,0.018246258
0,253,0.907563025,0.915966387,13.02857143,0.156996587,2.859649123,0.075630252,0.808823529,0
0,254,0.656277827,0.952804987,15.33566434,0.191066998,2.67373461,0.057794508,0.845881311,0.012733043
1,255,0.678921569,0.74754902,20.37142857,0.11849711,1.520336606,0.037533512,0.883378016,0.165878523
1,256,0.754545455,1.040909091,20.40909091,0.133891213,3.44766147,0.056962025,0.843881857,0.15880064
0,257,0.849865952,0.914209115,19.83333333,0.118811881,2.753501401,0.050340136,0.855782313,0
1,258,0.335409253,1.185498221,11.3202765,0.098765432,1.933238347,0.080617165,0.799614272,0.169523482
0,259,0.922651934,1.016574586,15.86956522,0.114537445,2.97260274,0.065963061,0.80474934,0
1,260,0.728971963,0.91588785,14.30232558,0.142384106,1.925203252,0.043478261,0.87856072,0.098680347
0,261,0.593626807,1.012155059,14.08045977,0.209421403,2.506285714,0.057834355,0.837340877,0.070909362
0,262,0.902877698,1.010791367,12.70454545,0.111782477,2.808586762,0.07337884,0.800341297,0
0,263,0.820069204,1.020761246,14.6,0.090062112,2.351027397,0.052718287,0.830313015,0
0,264,0.91025641,1.083333333,13,0.104761905,2.633846154,0.074404762,0.836309524,0
1,265,0.658031088,0.870466321,18.51282051,0.128440367,2.009695291,0.035087719,0.863697706,0.025551854
1,266,0.716049383,0.608024691,21.70833333,0.075862069,2.097888676,0.033962264,0.88490566,0.002762431
0,267,0.926701571,1.02617801,16.125,0.096638655,2.178294574,0.060606061,0.838383838,0
0,268,0.597332372,0.99963951,15.75852273,0.195676275,2.791959618,0.058233973,0.837394159,0.04782937
0,269,0.612388002,1.013245033,15.38095238,0.211785298,2.782314241,0.060301508,0.842173832,0.036523113
0,270,0.905,0.87,15.58333333,0.096385542,2.462566845,0.040712468,0.849872774,0
1,271,0.85106383,0.755319149,14.34782609,0.157407407,1.987878788,0.017804154,0.893175074,0.018181818
1,272,0.354617233,1.28115345,18.93162393,0.187713311,2.816854778,0.079022989,0.794252874,0.986264671
1,273,0.350736278,1.029451138,13.5761194,0.135223555,2.095866315,0.073242392,0.822665268,0.466300187
0,274,0.920577617,1.097472924,20.03448276,0.097922849,2.703958692,0.045150502,0.859531773,0
0,275,0.894389439,0.943894389,17.32352941,0.106321839,3.353140917,0.068403909,0.827361564,0
0,276,0.743646409,0.906077348,17.07920792,0.14159292,2.776231884,0.058100559,0.844134078,0
1,277,0.722222222,0.967592593,18.47826087,0.142201835,1.917647059,0.034115139,0.897654584,0.088334461
0,278,0.900584795,0.976608187,14.38297872,0.118387909,2.343195266,0.053008596,0.842406877,0
1,279,0.63908046,0.733333333,26.92857143,0.087323944,2.851458886,0.035897436,0.892307692,0.025998225
0,280,0.898089172,1.184713376,11.82758621,0.094339623,2.489795918,0.066852368,0.830083565,0
0,281,0.775675676,1.064864865,16.79120879,0.136494253,2.537958115,0.052698413,0.838095238,0.010247531
1,282,0.705660377,0.886792453,15.15151515,0.0859375,2.978,0.032667877,0.889292196,0.012306698
0,283,0.857627119,1.118644068,14.20454545,0.108504399,2.3568,0.074923547,0.811926606,0
0,284,0.828516378,1.038535645,16.53125,0.111531191,2.823251418,0.067028986,0.813405797,0
1,285,0.570336391,1.113149847,13.82,0.088050314,2.064399421,0.089542037,0.807245386,0.130504995
1,286,0.618947368,1.12,21.89130435,0.109042553,3.294935452,0.054316198,0.863239573,0.039654535
1,287,0.693467337,0.954773869,13.89285714,0.12,1.755784062,0.044226044,0.877149877,0.082693425
1,288,0.594871795,0.894871795,16.42222222,0.120353982,2.075778078,0.035809019,0.872679045,0.03527496
0,289,0.874524715,0.969581749,16.1875,0.131410256,3.162162162,0.069029851,0.828358209,0
1,290,0.685483871,1.5,14.41860465,0.043824701,1.756451613,0.077399381,0.784829721,0.002123142
1,291,0.598165138,1.141284404,18.52380952,0.102189781,2.116538132,0.058679707,0.851670742,0.019256324
1,292,0.779069767,0.759689922,14.64516129,0.127906977,2.411894273,0.041928721,0.882599581,0.157896893
1,293,0.651041667,1.53125,18.69230769,0.09,2.205761317,0.072978304,0.824457594,0.083435933
0,294,0.885496183,0.91221374,18.55555556,0.15210356,2.824351297,0.046332046,0.862934363,0.002538071
1,295,0.640495868,1.002066116,21.2967033,0.208563536,2.380288958,0.031888391,0.878923767,0.412292029
1,296,0.782312925,0.772108844,14.47222222,0.113333333,2.262955854,0.032374101,0.897482014,0.006026975
0,297,0.779299848,1.04870624,14.63043478,0.134920635,2.417533432,0.063920455,0.829545455,0.006666667
0,298,0.871134021,1.154639175,11.2972973,0.052,2.488038278,0.095671982,0.767653759,0
0,299,0.685676393,1.039787798,16.27513228,0.145797599,2.848504551,0.060482607,0.839862112,0.005507836
1,300,0.509274874,0.994940978,12.58510638,0.146814404,2.22569738,0.052882704,0.860437376,0.933822547
1,301,0.536150235,1.17370892,20.66964286,0.107758621,3.048812095,0.07160596,0.815397351,0.046945365
0,302,0.748208802,0.965199591,16.99115044,0.142018779,2.838541667,0.060926485,0.844914401,0
0,303,0.88976378,1.078740157,10.7755102,0.1197411,1.835227273,0.078711986,0.805008945,0
1,304,0.658097686,0.989717224,16.125,0.154727794,2.312661499,0.055222089,0.869147659,0.186595859
1,305,0.789256198,0.512396694,19.26315789,0.111570248,5.120218579,0.042079208,0.886138614,0
0,306,0.97037037,0.948148148,13.15,0.083769634,1.608365019,0.051660517,0.822878229,0
0,307,0.883895131,0.996254682,18.37931034,0.123417722,4.245778612,0.043478261,0.851449275,0
1,308,0.793991416,0.957081545,16.28571429,0.06640625,1.776315789,0.065263158,0.823157895,0
1,309,0.759162304,0.87434555,19.88888889,0.081218274,1.826815642,0.027247956,0.910081744,0.03967277
0,310,0.97979798,1.050505051,10.68421053,0.081632653,2.216748768,0.048076923,0.855769231,0
1,311,0.754166667,0.783333333,15.28571429,0.092436975,2.565420561,0.038116592,0.869955157,0
1,312,0.676348548,0.763485477,20.23809524,0.086363636,1.884705882,0.01826484,0.894977169,0
0,313,0.919413919,0.978021978,18.62068966,0.119047619,3.111111111,0.052724077,0.843585237,0.002406739
1,314,0.777777778,0.853333333,13.9,0.163090129,2.585131894,0.029279279,0.88963964,0.010710195
1,315,0.444444444,1.280535855,14.39800995,0.139941691,2.670006911,0.093359632,0.765943458,0.427365008
1,316,0.616412214,0.835877863,14.8,0.128953771,2.615384615,0.045409674,0.867719645,0.053911413
0,317,0.917197452,0.828025478,13.04545455,0.105527638,2.12195122,0.05033557,0.822147651,0
0,318,0.921428571,1.014285714,18.19354839,0.090379009,4.15248227,0.047619048,0.869047619,0
0,319,0.698221093,1.013977128,15.69306931,0.169902913,2.691798107,0.054945055,0.841269841,0.003016591
1,320,0.845360825,0.852233677,17.96666667,0.182389937,2.593692022,0.038938053,0.861946903,0.031000647
1,321,0.668316832,0.688118812,18.94444444,0.089005236,2.46627566,0.033994334,0.875354108,0.010471204
0,322,0.87173913,1.052173913,14.3030303,0.149700599,2.977754237,0.068717949,0.822564103,0
1,323,0.585260116,1.108381503,13.14414414,0.13618677,2.490747087,0.079766537,0.788586252,0.124591962
1,324,0.64116095,0.968337731,20.16216216,0.152173913,1.845844504,0.032911392,0.881012658,0.151404542
1,325,0.599710983,1.079479769,13.20183486,0.134215501,2.374565671,0.066181337,0.81138319,0.27760939
1,326,0.633699634,0.842490842,16.76666667,0.151724138,2.102385686,0.035747883,0.887111947,0.255260226
0,327,0.871698113,1.071698113,17.70967742,0.122186495,3.138433515,0.050699301,0.879370629,0
1,328,0.725978648,0.800711744,17.15254237,0.126506024,2.922924901,0.056030389,0.845204179,0.026248464
0,329,0.981818182,0.936363636,11.21052632,0.077419355,1.807511737,0.036036036,0.86036036,0
1,330,0.77486911,0.942408377,17.66666667,0.086757991,2.099730458,0.044502618,0.848167539,0
1,331,0.651315789,1.059210526,15.65,0.102902375,2.631522897,0.042988741,0.841351075,0.177907868
0,332,0.763872491,1.047225502,15.48214286,0.148684211,3.111880046,0.058430718,0.832498609,0.002793296
0,333,0.870967742,1.016129032,13.15789474,0.106164384,2.244,0.073929961,0.832684825,0
0,334,0.760040161,0.940763052,17.57272727,0.162471396,3.132953958,0.058677275,0.841869717,0.004338395
0,335,0.855072464,1.036231884,13.81967213,0.112582781,3.651245552,0.060295791,0.827076223,0
1,336,0.557232704,1.023899371,21.17105263,0.135338346,2.499067744,0.029304029,0.894383394,0.050044173
0,337,0.85110664,1.060362173,17.06666667,0.113680154,3.4375,0.067669173,0.832706767,0
1,338,0.788235294,1.064705882,14.04,0.086734694,2.153846154,0.046321526,0.871934605,0.003344482
1,339,0.425901202,1.161548732,19.38922156,0.208222812,2.60870908,0.033859397,0.883787661,1.420066731
0,340,0.9,0.952941176,15.09090909,0.087557604,2.975903614,0.054597701,0.850574713,0
0,341,0.825147348,1.027504912,16.91803279,0.127134725,2.494186047,0.047080979,0.853107345,0
0,342,0.81383855,1.009884679,15.84415584,0.099833611,2.882786885,0.060534591,0.842767296,0
1,343,0.555765595,1.387523629,13.43617021,0.089514066,2.319873317,0.085820896,0.797014925,0.104265233
1,344,0.729357798,0.958715596,16.42307692,0.068493151,2.016393443,0.058035714,0.857142857,0.011100215
0,345,0.869565217,1.090909091,20.34615385,0.072607261,2.56710775,0.057195572,0.863468635,0
0,346,0.710526316,0.958448753,16.83333333,0.176062446,3.283946252,0.052846914,0.85202864,0.007178048
0,347,0.8183161,1.0605613,14.68421053,0.132330827,2.296774194,0.05467128,0.837370242,0
0,348,0.892361111,1.065972222,22.03703704,0.089855072,3.507563025,0.058727569,0.838499184,0
0,349,0.755580357,1.064732143,14.91935484,0.14591195,2.465945946,0.060465116,0.838242894,0.003139717
1,350,0.499354839,1.187096774,13.7804878,0.119433198,1.90619469,0.070562293,0.835722161,0.056327528
1,351,0.859872611,1.01910828,14.40909091,0.084210526,2.205047319,0.058651026,0.847507331,0.125
0,352,0.924623116,0.939698492,16.7826087,0.121568627,2.727979275,0.063291139,0.84556962,0
1,353,0.762557078,0.812785388,14.7037037,0.175438596,1.808564232,0.026378897,0.899280576,0.04125021
0,354,0.897959184,0.892857143,13.25,0.10483871,2.832884097,0.066496164,0.820971867,0
0,355,0.917391304,0.965217391,16.14285714,0.118466899,2.411504425,0.053533191,0.82869379,0
1,356,0.778894472,0.804020101,13.2962963,0.125581395,1.955431755,0.039577836,0.846965699,0.073783494
1,357,0.635097493,0.813370474,22.44827586,0.096989967,2.253456221,0.00867052,0.937861272,0.1202692
1,358,0.590277778,1.225694444,11.24561404,0.069767442,2.035881435,0.058910162,0.810014728,0.03192748
1,359,0.652908068,0.919324578,11.75862069,0.182022472,2.216031281,0.060900265,0.834068844,0.114792213
1,360,0.594976452,0.786499215,17.24242424,0.141052632,2.389279438,0.047894302,0.869529315,0.186954211
0,361,0.870253165,1.063291139,21.73333333,0.085164835,3.20398773,0.049034175,0.854383358,0
0,362,0.832310838,0.981595092,16.70689655,0.133333333,2.546955624,0.059347181,0.853610287,0
0,363,0.807228916,1.146299484,14.17045455,0.123263889,2.40096231,0.061192874,0.824167312,0
0,364,0.835341365,1.054216867,15.26865672,0.140384615,2.609970674,0.068571429,0.825714286,0.014388489
1,365,0.668571429,0.708571429,19.93333333,0.068322981,3.163879599,0.022875817,0.905228758,0.008810573
0,366,0.864130435,1.038043478,23.4375,0.085201794,3.04,0.077720207,0.81865285,0
1,367,0.840490798,0.858895706,12.625,0.203125,1.613861386,0.051515152,0.863636364,0.002325581
1,368,0.597297297,1.045945946,9.831168831,0.100671141,2.077939234,0.065656566,0.816919192,0.080174249
1,369,0.637362637,0.582417582,16.94117647,0.056962025,1.236111111,0.036912752,0.869127517,0.008774672
0,370,0.932330827,1,10.64,0.115384615,1.706766917,0.050541516,0.837545126,0
0,371,0.754507628,1.067961165,19.11538462,0.137462236,2.71093226,0.052359405,0.844861021,0.002472188
0,372,0.903508772,0.98245614,12.55555556,0.12244898,1.991150442,0.057522124,0.82300885,0
1,373,0.713450292,1.122807018,12.51724138,0.111702128,2.468319559,0.047381546,0.822942643,0.121853384
0,374,0.935779817,1.041284404,14.83333333,0.078014184,2.604494382,0.050438596,0.859649123,0
0,375,0.801223242,1.001529052,12.23364486,0.119873817,2.48433919,0.051073279,0.839378238,0
1,376,0.551415797,1.084947839,13.19811321,0.076109937,1.822730522,0.069958848,0.814814815,0.025797233
0,377,0.86,0.98,14.55882353,0.127516779,2.767676768,0.05973025,0.826589595,0
0,378,0.911949686,1.018867925,12.84,0.105263158,2.450155763,0.061469265,0.827586207,0
1,379,0.676282051,0.782051282,16.84848485,0.112676056,1.976618705,0.026890756,0.917647059,0.040729486
0,380,0.726541555,1.042895442,16.21276596,0.150583245,2.760279965,0.057190917,0.839360807,0.002339181
0,381,0.948051948,0.935064935,12.41666667,0.111650485,2.033557047,0.062295082,0.855737705,0
1,382,0.722222222,0.962962963,10.81632653,0.148288973,2.271698113,0.077876106,0.814159292,0.078457174
0,383,0.812615955,1.12244898,14.3,0.108455882,2.223776224,0.06037415,0.818877551,0
0,384,0.814736842,0.955789474,16.89090909,0.136363636,2.834230355,0.050619835,0.86053719,0
0,385,0.862222222,0.977777778,15.08474576,0.140206186,2.620224719,0.060409924,0.852211435,0.002557545
1,386,0.515817223,1.043936731,16.61428571,0.137142857,2.331900258,0.044490644,0.871101871,0.515204622
1,387,0.605,0.855,16.13043478,0.156976744,3.878706199,0.035264484,0.909319899,0.017619062
1,388,0.614919355,1.131048387,13.37974684,0.111650485,2.859981079,0.096270598,0.765828274,0.134394399
0,389,0.654694715,0.989225244,16.78354978,0.178672316,2.875419139,0.056246889,0.839970134,0.005100339
1,390,0.646846847,0.825225225,18.75925926,0.117256637,2.583415597,0.035217794,0.888785913,0.074736502
1,391,0.598181818,0.970909091,18.68965517,0.137115839,3.36900369,0.042497832,0.857762359,0.219856478
1,392,0.492900609,1.0831643,13.39565217,0.143523921,3.17916261,0.071143821,0.786568537,0.444266302
0,393,0.936170213,1.117021277,12.4375,0.087591241,2.050251256,0.058536585,0.834146341,0
1,394,0.69379845,0.76744186,30.4,0.15720524,2.942982456,0.019271949,0.899357602,0.021130604
1,395,0.748717949,0.851282051,21.23529412,0.125628141,2.127423823,0.029255319,0.89893617,0.002079002
0,396,0.937984496,1.100775194,15.05555556,0.077777778,2.143911439,0.059859155,0.834507042,0
1,397,0.434818482,1.165016502,12.26168224,0.093990755,2.250762195,0.10539752,0.754923414,0.125358195
0,398,0.703772418,1.005565863,15.08372093,0.206896552,2.690718471,0.059952747,0.831069108,0.013559268
0,399,0.878873239,1.078873239,18,0.123425693,2.70596206,0.054901961,0.835294118,0
0,400,0.680641184,1.027127004,17.125,0.164516129,3.151155718,0.05506737,0.838019918,0.007507449
0,401,0.896678967,0.915129151,15.72727273,0.072100313,3.734104046,0.050185874,0.849442379,0
1,402,0.702875399,0.862619808,14.575,0.161073826,4.300171527,0.057784912,0.849117175,0.183863296
1,403,0.437144662,1.077068857,17.21465969,0.15018315,1.943126521,0.070216501,0.817144529,0.438938471
1,404,0.747330961,0.985765125,17.4375,0.103202847,2.313620072,0.029616725,0.8728223,0.021640649
0,405,0.981818182,0.781818182,21.77777778,0.144736842,3.193877551,0.034482759,0.891625616,0
1,406,0.904761905,0.702380952,17.875,0.12037037,2.020979021,0.047297297,0.885135135,0
1,407,0.665983607,0.852459016,22.04878049,0.106965174,1.852876106,0.040948276,0.877155172,0.204093202
0,408,0.917491749,1.02310231,14.5952381,0.104972376,2.84502447,0.06022187,0.836767036,0
1,409,0.786290323,0.564516129,14.92307692,0.106995885,2.262886598,0.02278481,0.896202532,0.002227171
0,410,0.929166667,1.041666667,18.14814815,0.098684211,3.187755102,0.05,0.851923077,0
0,411,0.964285714,1.321428571,9.75,0.060150376,1.948717949,0.059701493,0.7960199,0
1,412,0.718061674,0.762114537,21.05263158,0.11682243,2.895,0.026894866,0.899755501,0.024096386
1,413,0.42172361,1.106068332,18.85844749,0.1144641,2.28377724,0.069021613,0.826864978,0.172828529
0,414,0.641230068,0.951594533,15.57727273,0.16070008,2.804201926,0.057296077,0.834603443,0.080848624
0,415,0.868852459,0.928961749,15.34782609,0.09009009,2.47592068,0.047486034,0.851955307,0
1,416,0.701960784,0.709803922,19.81818182,0.106382979,3.275229358,0.030905077,0.89183223,0.027838763
1,417,0.764084507,0.855633803,16.46875,0.146853147,2.216318786,0.049001815,0.887477314,0.03242233
1,418,0.561046512,1.197674419,15.42857143,0.06405694,2.157407407,0.074257426,0.816831683,0.046440401
1,419,0.65990991,0.68018018,22.60606061,0.150417827,1.928954424,0.027237354,0.885862516,0.055780159
1,420,0.68401487,0.888475836,22.08695652,0.124,3.883858268,0.024904215,0.885057471,0.090375262
0,421,0.919847328,1.080152672,16.51515152,0.103658537,2.32293578,0.077192982,0.821052632,0
0,422,0.857142857,1.06,14.42,0.117493473,2.653259362,0.060240964,0.828647925,0
1,423,0.76369863,0.70890411,16.63333333,0.123674912,1.785571142,0.037878788,0.876893939,0.007490637
1,424,0.651898734,0.753164557,17.87096774,0.119850187,3.176895307,0.011804384,0.910623946,0.214840118
0,425,0.911504425,1.039823009,13.55882353,0.123636364,2.572668113,0.069387755,0.816326531,0
0,426,0.925465839,0.919254658,12.875,0.104265403,2.216828479,0.041009464,0.876971609,0
0,427,0.912820513,1.169230769,13.64516129,0.098814229,3.089834515,0.076233184,0.789237668,0
1,428,0.680115274,1.051873199,18.25641026,0.079510703,2.411516854,0.042291951,0.864938608,0.036900598
0,429,0.885521886,0.905723906,17.6875,0.111747851,3.035335689,0.056027165,0.85229202,0
1,430,0.667655786,1.09495549,21.39393939,0.108108108,2.703966006,0.029207232,0.891515994,0.00470585
0,431,0.848375451,1.025270758,14.025,0.078549849,2.809269162,0.042808219,0.840753425,0
0,432,0.917322835,0.972440945,14.73529412,0.078947368,2.449101796,0.07254902,0.823529412,0
0,433,0.943037975,0.930379747,12.70833333,0.079069767,2.727868852,0.050473186,0.85488959,0
0,434,0.859857482,1.023752969,14.2,0.114967462,2.440140845,0.06440678,0.832768362,0
1,435,0.717647059,0.982352941,14.65217391,0.120689655,2.661721068,0.051575931,0.848137536,0.020724728
1,436,0.580128205,0.926282051,10.18644068,0.066666667,2.006655574,0.069510269,0.816745656,0.091177314
0,437,0.89539749,0.983263598,16.34482759,0.106164384,2.719409283,0.06639839,0.841046278,0
0,438,0.825892857,1.069196429,22.6097561,0.098947368,3.389428263,0.057591623,0.859685864,0
0,439,0.917293233,0.902255639,13.31578947,0.11299435,2.14229249,0.072243346,0.844106464,0
1,440,0.724279835,0.925925926,16.71428571,0.115537849,2.942307692,0.0499002,0.864271457,0.244072357
1,441,0.72238806,0.817910448,15.225,0.059561129,1.625615764,0.040944882,0.851968504,0.019130356
1,442,0.645933014,0.803827751,20.94444444,0.12371134,4.726790451,0.02189781,0.888077859,0.006245814
1,443,0.341586794,1.310170394,12.816839,0.133984648,2.12907687,0.090348171,0.773578669,0.50091641
0,444,0.498276522,1.010340866,15.48377581,0.242204496,2.808344447,0.057402645,0.843405584,0.025880395
1,445,0.65942029,1.119565217,17.72727273,0.101123596,3.415384615,0.070967742,0.819354839,0.090220173
0,446,0.87012987,0.874458874,12.73529412,0.065934066,2.150115473,0.083700441,0.775330396,0
0,447,0.860189573,0.895734597,17.0212766,0.123348018,2.92125,0.054347826,0.844202899,0
1,448,0.707792208,1.074675325,13.89130435,0.150684932,2.23943662,0.059970015,0.84107946,0.024066501
1,449,0.654411765,1.102941176,15.05263158,0.070422535,1.416083916,0.051546392,0.835051546,0.002886003
0,450,0.875598086,1.14354067,22.4,0.098113208,4.370535714,0.057446809,0.844680851,0
1,451,0.782608696,1,18.94117647,0.095238095,3.189440994,0.03880597,0.832835821,0.003766478
1,452,0.791946309,0.724832215,17.13333333,0.112956811,2.254863813,0.024482109,0.902071563,0.037042717
0,453,0.939393939,1.03030303,11.16666667,0.087837838,2.776119403,0.0625,0.831730769,0
1,454,0.690625,0.75,16.47058824,0.13986014,2.560714286,0.027874564,0.890243902,0.038401881
0,455,0.882845188,1.025104603,15.61290323,0.093103448,2.824380165,0.060903733,0.817288802,0
1,456,0.721925134,0.855614973,20.41176471,0.084656085,3.319884726,0.022535211,0.912676056,0.008196721
0,457,0.922807018,1.059649123,16.77142857,0.084985836,2.65758092,0.071428571,0.829545455,0
0,458,0.933774834,0.993377483,16.72222222,0.133663366,3.458471761,0.060897436,0.836538462,0
0,459,0.929824561,1.140350877,15.25,0.088050314,2.024590164,0.043824701,0.80876494,0
0,460,0.909090909,1.104377104,16.44736842,0.1,3.4752,0.065625,0.8203125,0
0,461,0.951724138,0.951724138,12.86363636,0.10880829,3.074204947,0.079310345,0.827586207,0
1,462,0.768888889,0.737777778,26.06666667,0.115555556,4.94629156,0.022556391,0.909774436,0.011037262
0,463,0.817322835,0.955905512,14.78571429,0.156549521,3.008856683,0.057231245,0.851508121,0
1,464,0.740213523,0.711743772,13,0.092592593,2.837837838,0.026923077,0.892307692,0.02001876
1,465,0.647058824,0.950980392,18.95238095,0.117647059,3.854271357,0.036281179,0.87755102,0.043454616
1,466,0.549333333,1.188,19.77108434,0.076481836,2.590493601,0.060570071,0.839667458,0.031148737
0,467,0.96875,0.84375,12.64285714,0.097744361,3.254237288,0.054054054,0.837837838,0
0,468,0.849315068,1.068493151,14.61290323,0.110638298,2.966887417,0.063492063,0.827513228,0
0,469,0.859701493,1.071641791,16.52380952,0.101827676,2.334293948,0.051748252,0.847552448,0
0,470,0.920245399,0.957055215,16.78947368,0.126760563,4.44200627,0.039634146,0.884146341,0
1,471,0.783333333,0.783333333,16.46153846,0.132352941,2.299065421,0.026086957,0.886956522,0.013888889
0,472,0.778037383,1.070093458,15.27586207,0.13653603,2.494920993,0.056460369,0.842562432,0
1,473,0.734375,0.816964286,13.3442623,0.113801453,1.882063882,0.040380048,0.865795724,0.039551667
0,474,0.898876404,1.011235955,8.95,0.102362205,2.05027933,0.097826087,0.755434783,0
1,475,0.611940299,1.095522388,17.12195122,0.09929078,2.823361823,0.051841746,0.851296044,0.255101335
0,476,0.873563218,0.915708812,20.83333333,0.127868852,4.284,0.056092843,0.847195358,0.007692308
0,477,0.895683453,0.920863309,21.36,0.134969325,4.028089888,0.05615942,0.835144928,0
1,478,0.709090909,0.863636364,22.77777778,0.064814815,3.287804878,0.04245283,0.872641509,0
0,479,0.923076923,0.918803419,15.48275862,0.131487889,3.296213808,0.065217391,0.845652174,0
0,480,0.938888889,1.127777778,19.15,0.107438017,3.838120104,0.040100251,0.847117794,0
0,481,0.847133758,0.920382166,14.02325581,0.09221902,3.39800995,0.066666667,0.817460317,0
0,482,0.920529801,1.059602649,15.55,0.084158416,2.659163987,0.077399381,0.808049536,0
0,483,0.922705314,1.072463768,13,0.108208955,2.592074592,0.074157303,0.797752809,0
1,484,0.499210111,1.28436019,12.57391304,0.098321343,1.822268326,0.081063554,0.799610895,0.502984202
0,485,0.815151515,0.893939394,13.73626374,0.140866873,2.4472,0.055130168,0.849157734,0
1,486,0.785714286,0.614285714,17.84210526,0.182242991,2.728613569,0.022535211,0.918309859,0.015019533
1,487,0.777027027,0.939189189,12.47826087,0.077844311,1.738675958,0.065789474,0.832236842,0.005763689
0,488,0.912820513,0.994871795,18.52380952,0.072,2.688946015,0.064516129,0.836228288,0.005681818
0,489,0.894197952,1.146757679,15.34146341,0.100864553,2.639109698,0.049535604,0.852941176,0
1,490,0.713114754,1.040983607,20.75,0.0875,2.751004016,0.03250478,0.891013384,0.002222222
1,491,0.723404255,0.859574468,15.60714286,0.191964286,2.18993135,0.052410901,0.874213836,0.08459742
0,492,0.824921136,0.966876972,16.85135135,0.152139461,3.037690457,0.05118411,0.851795264,0
1,493,0.729468599,0.917874396,20.89473684,0.093457944,2.919395466,0.066666667,0.816666667,0.015275967
1,494,0.740359897,0.735218509,16.07142857,0.116531165,2.619259259,0.039942939,0.883024251,0.053963696
0,495,0.947867299,0.981042654,12.29411765,0.115523466,2.306220096,0.052995392,0.834101382,0
1,496,0.769230769,1.01025641,20.63157895,0.079207921,4.094387755,0.027160494,0.89382716,0
1,497,0.656934307,0.802919708,15.4375,0.154471545,3.101214575,0.041275797,0.859287054,0.109621665
0,498,0.879562044,1.087591241,14.3,0.101851852,2.547202797,0.045150502,0.87458194,0.010490648
1,499,0.533875339,1.058265583,16.87777778,0.175757576,2.198156682,0.056915545,0.851897185,0.71007559
0,500,0.90521327,1.090047393,15.75,0.088235294,2.873015873,0.038961039,0.844155844,0
1,501,0.828947368,0.828947368,20.85,0.112840467,2.697841727,0.030732861,0.907801418,0
0,502,0.937142857,1.011428571,13.53846154,0.08583691,2.332386364,0.067204301,0.825268817,0
0,503,0.909502262,1.135746606,27.76470588,0.097122302,2.461864407,0.043209877,0.87654321,0
0,504,0.840277778,1.101851852,16.50909091,0.131078224,2.408590308,0.075471698,0.806079665,0
0,505,0.850174216,0.919860627,17.77419355,0.108024691,3.268602541,0.047787611,0.847787611,0
0,506,0.909657321,0.937694704,15.55,0.133159269,2.884244373,0.058732612,0.837712519,0
1,507,0.68503937,0.807086614,11.475,0.143442623,2.936819172,0.053149606,0.840551181,0.097345577
1,508,0.495238095,0.967346939,19.80821918,0.125269978,3.358229599,0.054072096,0.847797063,0.196673089
1,509,0.662460568,0.861198738,17.87878788,0.043165468,2.705084746,0.04145937,0.888888889,0.00284495
0,510,0.90625,0.91875,13.34782609,0.147058824,5.140065147,0.063694268,0.840764331,0
1,511,0.597802198,0.964835165,22.92307692,0.15954416,3.156599553,0.045503792,0.867822319,0.115878434
1,512,0.717868339,0.808777429,21.37037037,0.144262295,2.502599653,0.035947712,0.874183007,0.067460869
0,513,0.768047337,1.004733728,15.8317757,0.151041667,2.305194805,0.050228311,0.853310502,0
1,514,0.775119617,0.751196172,14.64,0.165137615,1.715846995,0.031830239,0.880636605,0.094436958
1,515,0.688172043,0.962365591,22.8125,0.076086957,2.106849315,0.042780749,0.882352941,0.008281127
1,516,0.604989605,0.8004158,16.03703704,0.115902965,1.548498845,0.037280702,0.864035088,0.049059996
0,517,0.951086957,1.043478261,19.78947368,0.1,2.936170213,0.041343669,0.855297158,0
0,518,0.865702479,0.97107438,17.66666667,0.16798419,3.045073375,0.059777102,0.840932118,0
1,519,0.593167702,0.645962733,17.66666667,0.091269841,1.624528302,0.043010753,0.872759857,0.021870676
1,520,0.743119266,1.077981651,11.61538462,0.179824561,2.236203091,0.078028747,0.794661191,0.106275839
0,521,0.91634981,1.060836502,15.48571429,0.082066869,2.706642066,0.06227758,0.848754448,0
1,522,0.767068273,0.919678715,21.72727273,0.1328125,2.928870293,0.021825397,0.918650794,0.009327942
1,523,0.579881657,1.088757396,19.98113208,0.116212339,3.350802644,0.068698817,0.808462238,0.12004053
0,524,0.942446043,1.107913669,17.23529412,0.092307692,2.389078498,0.059405941,0.825082508,0
0,525,0.806153846,0.918461538,17.81428571,0.152139461,2.581395349,0.058320373,0.846034215,0.004535147
0,526,0.748074807,0.96369637,18.59375,0.155414013,2.787114846,0.05160239,0.851711027,0.002159827
0,527,0.763376932,1.005945303,15.1981982,0.147562582,2.449911085,0.056603774,0.851343625,0
0,528,0.882697947,0.941348974,17.89189189,0.131979695,3.193353474,0.058394161,0.84379562,0
0,529,0.871559633,0.98470948,16.64102564,0.10298103,2.748844376,0.060382916,0.823269514,0
0,530,0.867321867,0.985257985,20.2,0.141255605,4.311881188,0.050119332,0.859188544,0.002457002
1,531,0.756756757,1.108108108,21.66666667,0.091370558,3.164102564,0.034229829,0.863080685,0.142350735
0,532,0.851851852,0.930555556,14.63157895,0.109913793,3.370503597,0.064772727,0.823863636,0.004140787
0,533,0.880208333,1.125,13.6,0.111363636,2.457107843,0.082840237,0.803550296,0.007968127
1,534,0.605555556,0.911111111,19.47169811,0.095465394,2.463178295,0.052231719,0.863247863,0.033867298
1,535,0.758490566,0.637735849,12.76470588,0.095785441,2.797235023,0.023913043,0.908695652,0.025589317
1,536,0.824858757,0.84180791,20.375,0.095,2.45398773,0.01529052,0.911314985,0.008605852
1,537,0.637573964,1.036982249,19.95652174,0.099808061,2.546114742,0.054882395,0.82038489,0.03411485
0,538,0.794188862,1.104116223,12.97014925,0.110328638,2.766398159,0.068508287,0.826519337,0
0,539,0.699481865,0.972150259,15.37878788,0.164315353,2.859441708,0.050540369,0.84806103,0.02247191
0,540,0.916666667,0.920634921,17.92592593,0.148514851,3.433884298,0.047524752,0.861386139,0
1,541,0.545454545,1.122621564,21.13684211,0.112877583,3.887450199,0.0743762,0.804222649,0.218499885
0,542,0.929515419,0.920704846,14.06451613,0.131487889,2.45412844,0.055187638,0.825607064,0
1,543,0.606451613,1.214516129,12.48181818,0.0875,1.791697014,0.086471409,0.784518828,0.035010382
1,544,0.701612903,0.891129032,13.02777778,0.082987552,2.095948827,0.062626263,0.858585859,0.107219508
0,545,0.839441536,0.959860384,13.69512195,0.144312394,2.624220837,0.056701031,0.840206186,0.002406739
0,546,0.900641026,1.150641026,16.775,0.120879121,2.870342772,0.058309038,0.849854227,0
1,547,0.674121406,0.968051118,16.21052632,0.116838488,1.780844156,0.050535988,0.862174579,0.035459282
1,548,0.664367816,0.87816092,20.94871795,0.136986301,2.325581395,0.03926097,0.890300231,0.080857268
0,549,0.904214559,1.134099617,16.87878788,0.119354839,2.016157989,0.043936731,0.864674868,0
0,550,0.923076923,0.887573964,15.95,0.115740741,2.968652038,0.045592705,0.872340426,0
0,551,0.956521739,1.217391304,9.5625,0.092592593,1.882352941,0.096153846,0.775641026,0
1,552,0.581151832,1.123036649,14.48214286,0.093333333,2.207151665,0.061519903,0.821471653,0.084508825
1,553,0.653703704,0.775925926,16.25423729,0.162412993,2.229405631,0.023575639,0.913555992,0.126051743
1,554,0.559917355,1.291322314,16.8030303,0.07027027,2.00270514,0.07111882,0.813529922,0.098465721
1,555,0.44432133,1.03933518,18.68527919,0.150862069,2.95599022,0.046760711,0.865726228,0.666191734
1,556,0.808035714,1.035714286,17.53846154,0.110204082,2.285087719,0.059322034,0.847457627,0.026084373
1,557,0.75432526,0.75432526,16.9,0.161172161,4.049309665,0.029684601,0.903525046,0.013116985
0,558,0.901734104,0.913294798,12.73076923,0.126760563,2.625377644,0.040935673,0.839181287,0
1,559,0.556179775,1.200842697,19.34567901,0.120654397,2.135928526,0.073556231,0.823708207,0.079441037
1,560,0.685714286,0.777777778,14.35897436,0.099315068,1.689285714,0.026890756,0.892436975,0.017003393
1,561,0.666666667,0.947791165,15.15625,0.106837607,1.630927835,0.055666004,0.864811133,0.016800841
1,562,0.727272727,0.676136364,15.52631579,0.116022099,1.613559322,0.035714286,0.902597403,0.033702179
1,563,0.782608696,0.757763975,18.86666667,0.151515152,3.06360424,0.017361111,0.892361111,0.05723023
1,564,0.735294118,0.857142857,17.68,0.033898305,1.690045249,0.040089087,0.902004454,0
0,565,0.804597701,0.958949097,16.34246575,0.154237288,3.069572506,0.06726094,0.829011345,0
1,566,0.667687596,0.771822358,16.06944444,0.140926641,2.924805532,0.027363184,0.895522388,0.029078014
1,567,0.383022774,0.908385093,15.82403433,0.158932715,2.685109845,0.075632421,0.813887455,0.293135125
1,568,0.702898551,0.713768116,12.44736842,0.124497992,1.579281184,0.032921811,0.899176955,0.032315864
1,569,0.701219512,0.792682927,16.33333333,0.092592593,2.741496599,0.052805281,0.844884488,0.031598652
0,570,0.641276377,1.001029336,16.61538462,0.172338885,3.059927984,0.059423173,0.842615614,0.013489935
1,571,0.674094708,0.955431755,12.10344828,0.099378882,1.807692308,0.048010974,0.85048011,0.044383057
1,572,0.754512635,0.747292419,17.28571429,0.127272727,2.444214876,0.023809524,0.904761905,0.222781206
0,573,0.93625498,0.964143426,12.64102564,0.1,2.403651116,0.055555556,0.837301587,0
0,574,0.947368421,0.877192982,11.26315789,0.096774194,2.378504673,0.049107143,0.8125,0
0,575,0.85770751,0.928853755,16.54237288,0.103773585,2.55942623,0.056491576,0.839444995,0
0,576,0.882129278,1.041825095,18.51724138,0.093851133,2.633147114,0.070143885,0.850719424,0
1,577,0.732673267,0.955445545,15.8,0.174528302,2.286075949,0.048672566,0.873893805,0.191732963
0,578,0.894409938,0.931677019,11.96153846,0.087378641,2.530546624,0.080246914,0.787037037,0
0,579,0.954285714,1.017142857,13.07407407,0.090128755,2.988668555,0.070652174,0.788043478,0
0,580,0.941176471,0.892156863,13.78571429,0.111111111,2.857512953,0.045112782,0.859649123,0
1,581,0.782222222,1.146666667,18.57692308,0.077868852,2.060041408,0.076023392,0.797270955,0.030612245
1,582,0.747081712,0.894941634,18.03703704,0.13740458,2.679671458,0.048169557,0.865125241,0.02300969
1,583,0.804878049,0.833333333,15.55172414,0.118773946,2.764966741,0.027196653,0.876569038,0.010145223
1,584,0.681957187,0.856269113,17.85294118,0.126712329,3.589785832,0.026479751,0.890965732,0.076042834
0,585,0.937172775,0.958115183,12.46666667,0.117886179,2.532085561,0.051413882,0.853470437,0
1,586,0.649880096,1.047961631,17.08,0.081967213,2.977751756,0.046718576,0.862068966,0.019755631
1,587,0.665605096,1.085987261,16.79487179,0.118705036,2.473282443,0.060150376,0.818045113,0.039081138
0,588,0.930041152,0.872427984,13,0.125,2.613186813,0.054507338,0.857442348,0
0,589,0.849765258,1.014084507,16.82352941,0.103671706,2.763403263,0.055617353,0.830923248,0
1,590,0.719008264,0.884297521,19,0.078947368,2.592105263,0.019313305,0.886266094,0.008485326
1,591,0.590327169,0.816500711,22.01724138,0.088176353,3.076742365,0.033690658,0.865237366,0.061416934
0,592,0.871527778,1.107638889,15.175,0.102040816,2.771004942,0.06022187,0.838351823,0
1,593,0.826923077,0.948717949,16.88888889,0.1,2.845394737,0.047619048,0.86984127,0.017196216
0,594,0.93452381,0.952380952,13.12,0.087962963,2.222560976,0.065088757,0.837278107,0
1,595,0.662393162,1.158119658,12.31707317,0.082969432,2.267326733,0.062030075,0.832706767,0.015442607
1,596,0.74566474,0.901734104,15.66666667,0.068062827,1.319148936,0.044247788,0.884955752,0.013043478
0,597,0.857142857,0.983606557,14.3559322,0.142548596,2.59622196,0.049539171,0.847926267,0
1,598,0.66802444,0.898167006,18.2745098,0.124401914,1.91416309,0.043298969,0.870103093,0.102593059
0,599,0.941176471,0.919117647,13.73684211,0.068062827,2.429118774,0.039855072,0.880434783,0
1,600,0.609638554,0.739759036,17.6097561,0.083333333,1.427977839,0.050599201,0.866844208,0.049799802
1,601,0.422048998,1.221046771,11.66374269,0.124719101,2.565053898,0.097932018,0.7691942,0.279262933
1,602,0.695187166,0.787878788,20.89583333,0.166666667,3.529411765,0.036827195,0.876298395,0.154745346
0,603,0.897233202,1.007905138,12.0952381,0.111821086,2.112204724,0.047169811,0.849056604,0
0,604,0.90647482,0.95323741,24.68181818,0.125373134,6.419889503,0.044247788,0.849557522,0
1,605,0.756,1.004,16.7,0.081081081,2.133732535,0.055343511,0.839694656,0.010430951
1,606,0.435114504,1.126717557,15.05945946,0.125722543,2.516870065,0.054986339,0.845286885,0.247527481
1,607,0.670822943,1.032418953,16.63265306,0.130057803,3.493251534,0.045507585,0.87747958,0.13593021
0,608,0.824786325,1.049145299,18.44230769,0.127789047,2.42544317,0.076388889,0.802579365,0
0,609,0.878676471,0.959558824,12.69047619,0.094936709,2.112570356,0.054744526,0.855839416,0
1,610,0.434660684,1.156477846,13.63475177,0.161716172,2.04473342,0.075675676,0.805896806,0.542692304
0,611,0.617360841,1.054106656,15.38483965,0.196067091,2.513738867,0.063712926,0.835408275,0.039645379
0,612,0.862464183,0.954154728,13.91836735,0.130208333,2.784457478,0.057182706,0.831241283,0.003883495
1,613,0.506346968,1.087447109,19.47368421,0.082608696,1.940540541,0.070496084,0.804177546,0.042348495
1,614,0.410672854,1.102088167,12.85106383,0.150717703,1.907560706,0.069128044,0.826918041,0.393499502
1,615,0.548571429,1.045714286,24.27118644,0.119496855,3.662709497,0.041223404,0.869015957,0.051829167
0,616,0.916256158,0.935960591,12.67741935,0.08,2.295165394,0.046683047,0.85995086,0
1,617,0.653295129,1.063037249,27.69230769,0.096573209,4.85,0.057971014,0.839262187,0.047195657
1,618,0.612794613,1.037037037,21.22807018,0.116129032,3.947107438,0.044657097,0.867623604,0.114032177
0,619,0.705707491,1.024375743,18.30645161,0.184708554,3.099559471,0.053652968,0.854166667,0.014079838
0,620,0.848664688,0.979228487,13.34,0.097112861,3.134932534,0.058073654,0.835694051,0
0,621,0.633069554,0.983756768,16.83038869,0.180998196,2.941633424,0.062120599,0.833670579,0.016242973
1,622,0.752941176,0.711764706,18.1875,0.123595506,3.226804124,0.05,0.873333333,0.010940919
1,623,0.785365854,0.946341463,13.3,0.139013453,1.784461153,0.053864169,0.845433255,0.047710931
0,624,0.820326679,1.094373866,14.98701299,0.133451957,2.626516464,0.073981712,0.795511222,0.086956522
0,625,0.633766234,0.991341991,16.25441696,0.198259789,2.894782609,0.05939975,0.830762818,0.077551415
0,626,0.834008097,0.971659919,16.23333333,0.127201566,2.699178645,0.067647059,0.818627451,0
0,627,0.924623116,0.974874372,14.55555556,0.110671937,2.465648855,0.061881188,0.824257426,0
1,628,0.828947368,0.776315789,19.28571429,0.105263158,3.096296296,0.045454545,0.850649351,0
1,629,0.664783427,0.843691149,20.39583333,0.157175399,4.299284985,0.032977692,0.892337536,0.055395925
0,630,0.860813704,0.972162741,15.87931034,0.123015873,2.794788274,0.041666667,0.865625,0.002403846
1,631,0.864705882,0.770588235,21.5,0.14213198,3.621262458,0.03236246,0.899676375,0.109850746
1,632,0.621444201,0.737417943,19.36585366,0.169916435,2.443324937,0.022538553,0.90510083,0.12097933
0,633,0.942408377,0.968586387,22.11764706,0.080321285,2.449468085,0.030612245,0.87244898,0
0,634,0.888888889,0.861111111,15.12903226,0.10652921,3.053304904,0.071428571,0.818367347,0
1,635,0.722007722,1.003861004,23.59090909,0.08045977,2.581888247,0.042592593,0.877777778,0
0,636,0.952380952,1.158730159,17,0.099009901,4.536764706,0.081632653,0.782312925,0
1,637,0.670473083,0.980424144,18.67692308,0.138401559,3.084019769,0.042834891,0.862928349,0.46095516
0,638,0.798792757,0.885311871,19.12244898,0.117525773,2.98185699,0.045501551,0.844881075,0
1,639,0.752941176,0.847058824,15.19354839,0.139097744,1.900212314,0.049309665,0.881656805,0.012720899
1,640,0.689516129,0.870967742,15.46666667,0.074688797,2.103448276,0.025263158,0.892631579,0.267237679
0,641,0.952941176,1.047058824,11.6,0.123076923,2.24137931,0.065934066,0.813186813,0
0,642,0.904761905,0.973544974,17.76190476,0.131336406,2.832439678,0.044041451,0.865284974,0
1,643,0.668122271,0.755458515,19.14285714,0.165048544,2.410447761,0.024943311,0.904761905,0.337905315
0,644,0.942583732,1.114832536,19.2173913,0.092936803,2.380090498,0.061810155,0.858719647,0
0,645,0.852156057,1.030800821,14.98484848,0.11328125,2.484327604,0.047105005,0.866535819,0.011494253
1,646,0.808035714,0.776785714,16.58333333,0.136170213,2.648241206,0.021686747,0.915662651,0.067113165
0,647,0.955102041,1.085714286,15.96875,0.109677419,2.133072407,0.047801147,0.841300191,0
0,648,0.934065934,1.010989011,17.70967742,0.126126126,2.613843352,0.038869258,0.902826855,0
0,649,0.896039604,1.133663366,19.59090909,0.089147287,2.918793503,0.074157303,0.842696629,0
0,650,0.89958159,1.016736402,19.28,0.123745819,2.898340249,0.067193676,0.841897233,0
1,651,0.696356275,0.927125506,16.4137931,0.108433735,2.796218487,0.058116232,0.837675351,0.022280707
0,652,0.9,1.01,13.4,0.106299213,3.572139303,0.059665871,0.830548926,0
1,653,0.646575342,1.120547945,14.60377358,0.081761006,2.288113695,0.093984962,0.748120301,0.046561246
0,654,0.883116883,1.136363636,12.18518519,0.107438017,2.565349544,0.072992701,0.798540146,0
0,655,0.915625,1.165625,17.325,0.111979167,2.724386724,0.062059238,0.839210155,0
1,656,0.76119403,1.034825871,10.48717949,0.131221719,2.427872861,0.07239819,0.825791855,0.308958093
1,657,0.72173913,0.834782609,19.18181818,0.138528139,2.27014218,0.042696629,0.898876404,0.108832278
0,658,0.95505618,0.859550562,14.39130435,0.089361702,2.652567976,0.055072464,0.831884058,0
0,659,0.8507109,1.075829384,13.47692308,0.10745614,2.195205479,0.070640177,0.805739514,0
1,660,0.666666667,1.037825059,13.46875,0.145945946,2.102088167,0.058386412,0.836518047,0.270675316
0,661,0.985915493,0.788732394,21.16666667,0.123809524,2.771653543,0.045112782,0.857142857,0.002148228
0,662,0.81010453,0.947735192,17.46875,0.147368421,3.299642218,0.047285464,0.854640981,0.007590133
1,663,0.833333333,0.757575758,23.2,0.141176471,3.232758621,0.032786885,0.893442623,0.032589059
1,664,0.621621622,0.961844197,19.58730159,0.138429752,2.638573744,0.041538462,0.876923077,0.085371672
1,665,0.489164087,0.866873065,12.5625,0.074561404,1.669983416,0.0546875,0.8265625,0.038621768
0,666,0.833855799,1.062695925,13.42857143,0.101983003,2.70212766,0.077598829,0.819912152,0
1,667,0.804469274,0.87150838,13.4,0.115,2.91641791,0.032163743,0.885964912,0.006263048
1,668,0.526748971,1.224279835,9.827272727,0.062678063,1.919518964,0.09536308,0.773403325,0.016758367
1,669,0.647058824,0.936651584,21.4,0.03902439,2.411214953,0.053571429,0.881696429,0.005538206
0,670,0.876595745,0.859574468,16.80769231,0.113207547,2.473684211,0.044052863,0.883259912,0
1,671,0.770212766,0.714893617,17.52173913,0.081545064,2.615384615,0.028985507,0.881642512,0.004
0,672,0.773041475,1.089861751,16.34234234,0.140684411,3.335722161,0.064361702,0.818617021,0
0,673,0.941666667,1.05,11.71428571,0.115151515,2.325203252,0.049808429,0.808429119,0
0,674,0.953488372,0.984496124,10.66666667,0.096590909,2.12890625,0.062962963,0.807407407,0
0,675,0.983050847,0.983050847,9.75,0.065217391,1.948717949,0.089430894,0.829268293,0
0,676,0.683901293,1.007050529,14.91703057,0.160123172,2.722482436,0.060751625,0.836111896,0
0,677,0.895927602,1.036199095,18.75,0.114814815,4.291111111,0.069114471,0.812095032,0
0,678,0.878289474,0.911184211,18.74193548,0.108262108,2.600688468,0.047297297,0.847972973,0
0,679,0.949685535,0.867924528,13.5,0.070422535,2.71043771,0.058252427,0.867313916,0
0,680,0.842592593,1.020833333,15.05172414,0.110151188,3.105383734,0.056415929,0.870575221,0
0,681,0.954545455,0.946969697,8.566666667,0.076923077,1.723735409,0.067669173,0.80075188,0
0,682,0.892376682,0.883408072,14.48275862,0.088122605,2.471428571,0.051918736,0.848758465,0.002057613
0,683,0.687894073,1.045397226,14.5470852,0.169918699,2.561960543,0.05800119,0.841463415,0
1,684,0.720588235,0.794117647,22.18181818,0.145985401,2.5,0.01171875,0.90625,0.005128205
1,685,0.450915141,1.164170826,17.11403509,0.150526316,2.652229626,0.072919224,0.832310336,0.460982364
1,686,0.701357466,0.859728507,17.86956522,0.11627907,2.596107056,0.045238095,0.869047619,0.033501313
0,687,0.746062992,0.947834646,15.832,0.160045403,2.875694795,0.045476536,0.856313498,0
1,688,0.723484848,0.715909091,15.1,0.098039216,1.984547461,0.036324786,0.861111111,0.022423957
0,689,0.940298507,0.895522388,10.16,0.102857143,2.122047244,0.038610039,0.861003861,0
0,690,0.933333333,0.866666667,14.4516129,0.133105802,3.770089286,0.066666667,0.817204301,0
0,691,0.852601156,0.962427746,17.86842105,0.096354167,3.555228277,0.073342736,0.847672779,0
0,692,0.879310345,0.945812808,17.95454545,0.118303571,4.75443038,0.056626506,0.839759036,0
1,693,0.672897196,0.827102804,18.61904762,0.135678392,1.966751918,0.026894866,0.897310513,0.054689225
1,694,0.612826603,0.971496437,14.56140351,0.094285714,2.903614458,0.053452116,0.853006682,0.092146971
1,695,0.640138408,0.979238754,19.72413793,0.068273092,3.29020979,0.033898305,0.884745763,0.051449867
0,696,0.900269542,1.053908356,16.56521739,0.110599078,2.972440945,0.045226131,0.84798995,0
1,697,0.765957447,0.885106383,15.82142857,0.085365854,3.124153499,0.056521739,0.847826087,0.034311867
0,698,0.878345499,1.060827251,17.28571429,0.150110375,2.914994097,0.058152794,0.85290764,0
0,699,0.92248062,0.968992248,15.39393939,0.132075472,2.633858268,0.061682243,0.831775701,0
0,700,0.906432749,0.859649123,18.70588235,0.08490566,5.040880503,0.049079755,0.855828221,0
1,701,0.508173419,1.060412225,13.05855856,0.132544379,2.218696102,0.076375405,0.804530744,0.243450743
0,702,0.884507042,1.030985915,16.38636364,0.124694377,3.296809986,0.056,0.861333333,0
1,703,0.546650718,0.900717703,12.81451613,0.189473684,2.81371932,0.056831228,0.840413318,0.328760287
1,704,0.673366834,0.899497487,15.75,0.1,1.82010582,0.051470588,0.857843137,0.026551669
0,705,0.95,1.225,12.13636364,0.104972376,2.393258427,0.069090909,0.8,0
0,706,0.865168539,1.006741573,14.63934426,0.111570248,2.35162374,0.044228695,0.844660194,0
0,707,0.920187793,0.995305164,16.34615385,0.083333333,2.995294118,0.050808314,0.856812933,0
0,708,0.895377129,0.905109489,17.79545455,0.14967462,2.656449553,0.041975309,0.883950617,0.007712082
1,709,0.728033473,0.958158996,15.6,0.123404255,2.512820513,0.033195021,0.877593361,0.060647822
1,710,0.770114943,0.85440613,13.08108108,0.179389313,2.285123967,0.025440313,0.906066536,0.037372389
1,711,0.634464752,0.796344648,16,0.141935484,2.345930233,0.023097826,0.892663043,0.23064419
1,712,0.607758621,0.879310345,19.37777778,0.134078212,2.060779817,0.021468927,0.914124294,0.05298771
0,713,0.898809524,0.922619048,14.04347826,0.152073733,3.625386997,0.060869565,0.828985507,0
1,714,0.614173228,1.083989501,16.54166667,0.084639498,2.394206549,0.090036014,0.781512605,0.068585337
0,715,0.925925926,0.950617284,12.64,0.076190476,2.582278481,0.063063063,0.825825826,0
0,716,0.9342723,1.03286385,16.03703704,0.105072464,3.036951501,0.060538117,0.84529148,0
1,717,0.64953271,0.887850467,12.625,0.123152709,2.371287129,0.076586433,0.840262582,0.034949281
1,718,0.708737864,0.694174757,21.8125,0.132275132,4.808022923,0.013774105,0.925619835,0.039380081
0,719,0.592248559,0.965086483,14.43529412,0.205192212,2.834555827,0.059099437,0.834427767,0.049860914
0,720,0.820512821,0.992110454,13.28947368,0.123552124,2.538613861,0.060518732,0.820365034,0
1,721,0.648148148,0.925925926,16.93023256,0.088328076,2.931318681,0.036890646,0.872200264,0.055691983
1,722,0.739361702,1.031914894,18.19047619,0.088082902,1.620418848,0.028132992,0.877237852,0.027879731
1,723,0.686440678,0.906779661,15,0.119221411,2.481111111,0.055672269,0.850840336,0.041932991
1,724,0.688034188,0.666666667,15.6,0.130232558,2.343589744,0.028368794,0.886524823,0.14735809
0,725,0.865546218,0.74789916,18.08695652,0.138181818,3.036057692,0.050113895,0.858769932,0
1,726,0.644444444,1.019047619,14.79069767,0.126760563,3.470125786,0.062590975,0.836972344,0.178975871
0,727,0.868292683,1.195121951,12.5,0.082352941,2.031111111,0.057324841,0.808917197,0
1,728,0.6875,0.75390625,20.40909091,0.163793103,3.674832962,0.023157895,0.896842105,0.113843337
1,729,0.760204082,0.903061224,15.54166667,0.075829384,2.013404826,0.038363171,0.887468031,0.038531434
1,730,0.769953052,0.816901408,14.88461538,0.150943396,2.790697674,0.015228426,0.921319797,0.036374212
1,731,0.313450292,1.230701754,17.99292453,0.153592073,2.906147595,0.084356982,0.79267987,1.193667468
1,732,0.531666667,1.176666667,17.41333333,0.088095238,2.467075038,0.051148999,0.842105263,0.146938064
0,733,0.86196319,0.917177914,15.625,0.133879781,2.4496,0.059541985,0.841221374,0
0,734,0.904166667,1.083333333,16.12903226,0.10472973,2.608,0.061657033,0.811175337,0
1,735,0.834146341,0.83902439,17.13636364,0.190265487,2.230769231,0.020100503,0.912060302,0.074920488
0,736,0.805940594,1.083168317,15.93939394,0.097276265,2.58365019,0.0625,0.842830882,0
0,737,0.885135135,0.959459459,13.18181818,0.141618497,2.620689655,0.054726368,0.839137645,0
1,738,0.738983051,0.908474576,16.08571429,0.101754386,3.046181172,0.066895369,0.840480274,0
1,739,0.618942731,1.055066079,23.92307692,0.143250689,2.460878885,0.042268041,0.858762887,0.075657971
1,740,0.796954315,0.92893401,12.66666667,0.093896714,1.857894737,0.029411765,0.899509804,0
1,741,0.61875,1.0125,14.86153846,0.086734694,2.064182195,0.067661692,0.83880597,0.027860917
0,742,0.88252149,0.936962751,16.48780488,0.100755668,2.945266272,0.056737589,0.84822695,0
1,743,0.669966997,0.798679868,12.6744186,0.185185185,1.897247706,0.046280992,0.882644628,0.03140927
0,744,0.797979798,0.998877666,17.63366337,0.145607702,2.817518248,0.05648198,0.862291555,0
0,745,0.858369099,0.969957082,13.5,0.085714286,2.058823529,0.050104384,0.832985386,0
1,746,0.699386503,0.880368098,15.325,0.126245847,2.615008157,0.037974684,0.862341772,0.111259911
1,747,0.501992032,1.25498008,11.32,0.082152975,2.042402827,0.090024331,0.763179238,0.091120749
1,748,0.71484375,0.7734375,13.75757576,0.036144578,2.118942731,0.035940803,0.890063425,0
1,749,0.726890756,0.903361345,16.17857143,0.106382979,1.754966887,0.031380753,0.868200837,0.017216472
1,750,0.723472669,0.620578778,21,0.091911765,3.732142857,0.024904215,0.881226054,0.017286056
0,751,0.92746114,1.124352332,14.13793103,0.073076923,2.448780488,0.067757009,0.796728972,0
1,752,0.574112735,0.868475992,15.84070796,0.148260212,2.300558659,0.036040882,0.884346423,0.176312228
0,753,0.903954802,1.146892655,15.2,0.110619469,2.584210526,0.063131313,0.825757576,0
1,754,0.751851852,0.766666667,17.66666667,0.096654275,2.962264151,0.020366599,0.887983707,0.007662835
0,755,0.787153652,1.057934509,14.33333333,0.146112601,2.743574051,0.061403509,0.829239766,0.002290951
0,756,0.92893401,1.005076142,14.10714286,0.133603239,2.501265823,0.046454768,0.843520782,0
0,757,0.9,1.01875,20.1875,0.130319149,5.086687307,0.079881657,0.821005917,0
1,758,0.753246753,0.939393939,14.4516129,0.09623431,1.779017857,0.076271186,0.830508475,0.036387264
0,759,0.743267504,1.005385996,15.84397163,0.13938754,3.025962399,0.059554413,0.843187661,0
1,760,0.504461222,1.08785175,21.72857143,0.132867133,2.418145957,0.056609842,0.860405275,0.262815455
1,761,0.772357724,0.894308943,10.35555556,0.164750958,1.894849785,0.056565657,0.846464646,0.021483206
1,762,0.665562914,0.877483444,16.67647059,0.102941176,3.012345679,0.052188552,0.88047138,0.0121323
0,763,0.86827957,0.88172043,15.2173913,0.127764128,3.694285714,0.055020633,0.851444292,0
0,764,0.884488449,1.161716172,18.71428571,0.119444444,2.683969466,0.071742313,0.825768668,0
1,765,0.719367589,0.909090909,16.65517241,0.172131148,1.995859213,0.05108055,0.866404715,0.069949329
1,766,0.629290618,0.766590389,23.39393939,0.135211268,2.579015544,0.022249691,0.917181706,0.072855697
1,767,0.759689922,0.720930233,9.652173913,0.088888889,1.918918919,0.02991453,0.905982906,0.008064516
1,768,0.448730469,0.986816406,23.25142857,0.167953668,3.648070779,0.033365338,0.891982717,0.211529996
0,769,0.898550725,0.942028986,13.4,0.103053435,2.624378109,0.045783133,0.872289157,0
1,770,0.625806452,1.022580645,23.22222222,0.041198502,2.186602871,0.054794521,0.858447489,0.005063291
0,771,0.880866426,0.9566787,15.94117647,0.12,3.134686347,0.063829787,0.826241135,0
0,772,0.912442396,0.940092166,17.54166667,0.077490775,4,0.048723898,0.856148492,0
1,773,0.639705882,0.805147059,17.53571429,0.099585062,1.710794297,0.02734375,0.91015625,0.002347418
0,774,0.710386657,1.006065201,15.03409091,0.146567718,2.890022676,0.056925308,0.842639594,0.002406739
1,775,0.494597839,1.228091236,22.36144578,0.102079395,3.691810345,0.062922517,0.825273011,0.238222366
1,776,0.628019324,1.178743961,16.7037037,0.079787234,2.035476718,0.06147541,0.864754098,0.029119287
1,777,0.529812606,1.357751278,13.84,0.089156627,2.808526012,0.068245125,0.813370474,0.027578666
1,778,0.324079018,1.148424987,12.10225564,0.160176341,2.144259443,0.074961634,0.808287097,0.729496203
0,779,0.932735426,1.013452915,16.03571429,0.094736842,2.380846325,0.062365591,0.83655914,0
1,780,0.573643411,1.144702842,15.96153846,0.101587302,1.420481928,0.067285383,0.843387471,0.076468776
0,781,0.890322581,1.219354839,11.86206897,0.124401914,1.462209302,0.072222222,0.822222222,0
1,782,0.594029851,1.005970149,21,0.101818182,2.200892857,0.048920863,0.873381295,0.138228214
0,783,0.813445378,1.008403361,14.22619048,0.13153457,3.50460251,0.068016194,0.837246964,0.00619195
0,784,0.872881356,0.894067797,15.96428571,0.076086957,3.129753915,0.083690987,0.802575107,0
0,785,0.802684564,1.04966443,15.11881188,0.124475524,2.406024885,0.054579674,0.849435383,0
1,786,0.556663645,1.067996374,12.60220994,0.122252747,2.14379658,0.06163522,0.823060797,0.115044315
1,787,0.652439024,1.012195122,27.5,0.08125,2.215151515,0.029761905,0.913690476,0.031625928
1,788,0.719827586,0.887931034,21.9,0.127192982,3.819634703,0.038793103,0.842672414,0.033558145
1,789,0.477537438,1.133111481,14.73563218,0.048969072,2.556942278,0.108743571,0.766348273,0.004166667
0,790,0.501589825,1.019077901,15.25525526,0.243192838,2.692814961,0.061446696,0.832323424,0.121778618
0,791,0.868932039,1.024271845,15.73584906,0.10864745,3.014388489,0.054209919,0.84544406,0
0,792,0.858006042,0.909365559,19.15151515,0.095108696,2.77056962,0.055045872,0.845565749,0
0,793,0.716820988,0.944444444,13.84615385,0.159241706,2.541269841,0.060594512,0.836890244,0
0,794,0.987012987,1,11.84615385,0.076271186,2.084415584,0.063291139,0.85443038,0
1,795,0.774193548,0.846774194,19.91304348,0.127340824,2.069868996,0.051975052,0.848232848,0.006687105
0,796,0.937198068,0.8647343,18.38095238,0.153558052,3.562176166,0.047381546,0.857855362,0
0,797,0.817091454,0.985007496,15.04545455,0.132104455,2.611782477,0.043604651,0.865552326,0.003454231
0,798,0.908496732,1.137254902,13.625,0.062200957,2.74617737,0.099706745,0.780058651,0
1,799,0.811881188,1.03960396,17.16666667,0.104803493,2.347087379,0.055172414,0.850574713,0.013368918
1,800,0.66180758,0.932944606,15.06818182,0.117263844,1.864253394,0.034090909,0.896306818,0.340587484
0,801,0.913978495,1.053763441,15.28,0.102040816,3.468586387,0.045,0.855,0
1,802,0.383185841,1.379646018,12.62441315,0.115107914,2.7493492,0.095120226,0.765558699,0.505619857
1,803,0.498230088,0.707964602,21.44444444,0.114243323,1.868911917,0.037073653,0.885813149,0.075848316
1,804,0.42380085,1.261080753,14.83665339,0.150966184,3.212406015,0.079075738,0.786649551,0.686872489
1,805,0.450301205,0.993975904,18.38888889,0.192207792,2.689577039,0.040169133,0.860465116,0.845117893
0,806,0.8441247,1,18.53333333,0.128603104,3.037170264,0.057603687,0.841013825,0
0,807,0.683561644,0.969178082,13.43457944,0.165931156,2.61426087,0.061810892,0.824924825,0
1,808,0.674486804,0.91202346,22.48275862,0.085245902,3.492331288,0.046062407,0.864784547,0.010686099
0,809,0.79483871,0.950967742,16.61538462,0.126721763,2.774470899,0.052598226,0.849809886,0.002012072
1,810,0.512437811,1.281094527,19.10416667,0.096525097,1.77044711,0.063852243,0.832189974,0.12978088
1,811,0.64953271,0.83411215,17.84090909,0.094285714,1.898089172,0.032218092,0.883519207,0.032772175
0,812,0.639760837,0.996512207,15.90079365,0.176470588,2.741702021,0.056198746,0.846599132,0.011986581
1,813,0.441568047,1.278846154,21.39583333,0.12745098,3.775397598,0.072789753,0.816307404,0.232394907
1,814,0.655172414,0.921630094,15.92207792,0.216269841,2.296084829,0.048238897,0.87136294,0.226808742
1,815,0.493734336,0.944862155,20.42105263,0.079710145,3.630154639,0.040201005,0.895728643,0.04649935
0,816,0.792184725,1.003552398,15.45205479,0.134892086,4.074468085,0.058227848,0.823628692,0.004535147
1,817,0.601886792,1.303773585,21.80357143,0.08056872,2.564291564,0.07480315,0.821259843,0.088782938
0,818,0.92173913,1.056521739,15.76666667,0.127147766,2.797040169,0.06122449,0.816326531,0.003891051
1,819,0.777777778,0.962962963,12.55263158,0.182539683,3.060796646,0.060150376,0.860902256,0.127653693
0,820,0.788697789,0.984029484,16.64948454,0.15171504,2.633436533,0.053956835,0.84352518,0
0,821,0.859649123,0.829573935,16.22222222,0.120930233,2.865753425,0.043824701,0.895086321,0
1,822,0.558241758,1.21978022,21.4893617,0.071428571,2.633663366,0.072106262,0.820683112,0.065094039
0,823,0.768732655,0.974098057,14.71724138,0.155370177,2.990627929,0.060619668,0.84104176,0
0,824,0.842546064,0.932998325,14.79487179,0.136065574,2.735701906,0.044019934,0.84717608,0
1,825,0.701244813,0.883817427,18.91666667,0.155844156,2.618942731,0.044624746,0.884381339,0.090917913
0,826,0.905882353,0.941176471,12.69230769,0.098684211,3.319191919,0.063461538,0.805769231,0
1,827,0.663716814,1.292035398,13.39655172,0.082802548,1.781209781,0.070197044,0.814039409,0.053889887
1,828,0.660839161,0.776223776,7.257142857,0.18490566,1.966535433,0.061837456,0.810954064,0.459559413
1,829,0.344827586,1.157182145,11.33,0.273187184,2.963714818,0.067761998,0.808409914,2.038408723
1,830,0.680555556,0.652777778,14.875,0.177606178,2.336134454,0.036,0.9,0.157610198
1,831,0.491658489,1.050049068,18.16521739,0.137763371,3.721876496,0.061545373,0.84950584,0.873574251
0,832,0.883259912,1.017621145,16.07017544,0.154,2.320960699,0.063492063,0.837037037,0
1,833,0.689320388,0.834951456,17.18181818,0.094059406,3.238095238,0.0575,0.845,0.004535147
0,834,0.865951743,1.013404826,19.25641026,0.107055961,2.92942743,0.057915058,0.844272844,0
0,835,0.854545455,1.041558442,16.375,0.122931442,2.208651399,0.062119367,0.827040195,0
0,836,0.927184466,0.995145631,16.44,0.120622568,2.766423358,0.045454545,0.85645933,0
1,837,0.745614035,0.890350877,14.36666667,0.098654709,2.371229698,0.061674009,0.852422907,0.035539358
1,838,0.676229508,0.577868852,18.7804878,0.128463476,2.788311688,0.013906448,0.915297092,0.041323332
1,839,0.594567404,1.083501006,20.71,0.161702128,3.187831965,0.046091279,0.85630366,0.093873907
1,840,0.759803922,1.014705882,16.44,0.109589041,1.457420925,0.033254157,0.874109264,0.032784071
1,841,0.734615385,0.8,17.33333333,0.090551181,1.367521368,0.043659044,0.869022869,0
0,842,0.873786408,0.944174757,13.57627119,0.14380531,2.186017478,0.073053892,0.822754491,0
1,843,0.694835681,1.018779343,18.69565217,0.107317073,3.01627907,0.027272727,0.890909091,0.042005545
0,844,0.80862069,1.017241379,16.47887324,0.106086957,2.705982906,0.066115702,0.832231405,0
0,845,0.453327633,0.996437224,15.54827969,0.263693505,2.749018488,0.054696626,0.842094414,0.195455306
0,846,0.911347518,0.904255319,16.27272727,0.093373494,3.17132216,0.05244123,0.842676311,0.002309469
1,847,0.781512605,1.100840336,15.625,0.132575758,2.098,0.066162571,0.84120983,0.065781387
0,848,0.7877429,1.076233184,11.97413793,0.117370892,2.228941685,0.069863014,0.797260274,0
1,849,0.751515152,1,18.33333333,0.06741573,1.584848485,0.041791045,0.865671642,0.014796551
1,850,0.601851852,1.103395062,14.19791667,0.130879346,1.932501834,0.065446868,0.81843772,0.129764127
0,851,0.918269231,0.923076923,17.39130435,0.107692308,3.465,0.053140097,0.855072464,0
0,852,0.889795918,1.028571429,16.03225806,0.123745819,2.670020121,0.052631579,0.85380117,0
0,853,0.896057348,0.9390681,12.88095238,0.111111111,3.090573013,0.054964539,0.820921986,0
0,854,0.808777429,1.012539185,12.71287129,0.1456,2.271806854,0.058295964,0.838565022,0
1,855,0.5375,1.08125,13.79289941,0.151724138,1.782067782,0.07686018,0.801717089,0.478787486
0,856,0.864864865,1.010810811,14.30769231,0.063926941,2.666666667,0.061696658,0.827763496,0
1,857,0.680412371,0.930412371,17.83333333,0.148571429,2.447263017,0.035851472,0.862996159,0.064417435
1,858,0.742105263,0.710526316,21.66666667,0.146596859,2.670769231,0.023809524,0.883928571,0.065271533
1,859,0.864583333,1.21875,17.75,0.045112782,2,0.114155251,0.771689498,0
1,860,0.597826087,0.827898551,19.78431373,0.141843972,2.582755203,0.038281979,0.89449113,0.080046142
1,861,0.688995215,0.95215311,18.54545455,0.102439024,1.921568627,0.057077626,0.817351598,0.015241441
0,862,0.958333333,1.005952381,12.03571429,0.13304721,3.71810089,0.066091954,0.83045977,0
0,863,0.914438503,1.165775401,16.875,0.082644628,2.604938272,0.055155875,0.8441247,0
0,864,0.886120996,1.120996441,18.06060606,0.080924855,2.879194631,0.055464927,0.84502447,0
1,865,0.620535714,0.700892857,11.20588235,0.155440415,2.913385827,0.061576355,0.854679803,0.346446144
1,866,0.359851989,1.338112858,9.108108108,0.132675439,2.483679525,0.088467318,0.756574005,0.919078939
1,867,0.618012422,0.729813665,15.91428571,0.111969112,4.351885099,0.035775128,0.872231687,0.126534904
0,868,0.95,1.178571429,16.05263158,0.086734694,2.629508197,0.095679012,0.796296296,0
0,869,0.769972452,1.015151515,15.08247423,0.115555556,2.694463431,0.057539683,0.847883598,0
0,870,0.680321873,1.030724214,16.32941176,0.145146089,2.963256484,0.054317549,0.840877437,0.004854369
0,871,0.882022472,0.926966292,15.95348837,0.128953771,2.782798834,0.053521127,0.864788732,0
0,872,0.946808511,1.031914894,23.875,0.097165992,2.659685864,0.0575,0.845,0
0,873,0.945736434,1.085271318,20.69230769,0.088888889,2.312267658,0.053763441,0.856630824,0
0,874,0.869249395,1.012106538,15.98076923,0.127472527,3.912154031,0.054272517,0.841801386,0
0,875,0.941798942,1.026455026,16.65217391,0.085020243,2.960835509,0.061381074,0.823529412,0
0,876,0.875331565,0.917771883,20.65714286,0.155131265,3.449515906,0.058900524,0.828534031,0
0,877,0.556673209,0.991903827,14.60251799,0.236047954,2.724596625,0.058335309,0.836613706,0.100839708
0,878,0.89,0.935,10.75,0.110169492,2.762273902,0.083333333,0.782828283,0
1,879,0.807692308,0.91025641,14.9,0.085714286,2.10738255,0.041401274,0.878980892,0
1,880,0.717213115,0.963114754,15.4516129,0.120833333,1.536534447,0.060240964,0.843373494,0.010740293
1,881,0.582089552,0.92039801,10.43243243,0.098265896,1.650259067,0.0625,0.785,0.035889699
0,882,0.961538462,0.948717949,14.47619048,0.106481481,3.111842105,0.041269841,0.866666667,0
0,883,0.883534137,1.124497992,16.53125,0.097315436,3.650283554,0.076923077,0.818681319,0
0,884,0.921568627,1.023529412,13.57894737,0.083870968,2.356589147,0.045627376,0.851711027,0
1,885,0.690140845,0.867605634,20.09090909,0.110429448,2.61387632,0.035190616,0.891495601,0.083667683
0,886,0.917525773,1.149484536,12.26470588,0.086065574,1.928057554,0.069444444,0.80787037,0
0,887,0.901960784,1.093137255,17.79166667,0.098814229,2.405152225,0.05,0.840909091,0.004301075
1,888,0.686695279,0.86695279,18.91304348,0.092920354,1.595402299,0.035955056,0.912359551,0.003058104
0,889,0.877126654,1.013232514,14.79166667,0.156794425,2.55399061,0.047445255,0.854014599,0.028985507
0,890,0.671610169,1.016419492,15.04743083,0.182269504,2.693722091,0.057945344,0.836285425,0.024260383
1,891,0.598984772,0.538071066,12.8028169,0.136890951,2.446644664,0.028272251,0.893193717,0.119033022
0,892,0.871794872,1.022792023,14.48979592,0.118387909,2.054929577,0.053133515,0.859673025,0
1,893,0.4578125,1.07734375,10.5515873,0.118571429,2.214742384,0.063254113,0.816819013,0.239776441
1,894,0.764505119,0.832764505,11.1875,0.103333333,2.325884544,0.045534151,0.872154116,0.074074074
0,895,0.895384615,1.070769231,18.18918919,0.122715405,3.402674591,0.066951567,0.829059829,0.006666667
0,896,0.942028986,1.043478261,10.07142857,0.118181818,1.602836879,0.034246575,0.856164384,0
0,897,0.889502762,1.060773481,17.76190476,0.118942731,3.235924933,0.06870229,0.824427481,0
1,898,0.633217993,1.173010381,17.44444444,0.086142322,2.907643312,0.061469265,0.84107946,0.03286756
0,899,0.802857143,1.017142857,14.86315789,0.147540984,2.842776204,0.064821067,0.819041188,0
1,900,0.723809524,0.695238095,13.69230769,0.135135135,1.382022472,0.010526316,0.926315789,0.155717428
0,901,0.863070539,0.927385892,15.2295082,0.142300195,2.57050592,0.067778936,0.82898853,0
1,902,0.68627451,0.759803922,17.95,0.129032258,2.493036212,0.035897436,0.866666667,0.076664748
1,903,0.601136364,1.064772727,19.32978723,0.106811146,2.743533297,0.061375661,0.843386243,0.055624857
1,904,0.66091954,1.04789272,17.81666667,0.141255605,3.005612722,0.046490428,0.868732908,0.106154208
1,905,0.660958904,1.017123288,34.64705882,0.091603053,4.524617997,0.043478261,0.894648829,0.122877559
0,906,0.932926829,0.957317073,17.83333333,0.161290323,3.118380062,0.050445104,0.857566766,0
1,907,0.63030303,1.266666667,12.06451613,0.058064516,2.935828877,0.055415617,0.811083123,0.232787099
0,908,0.916230366,1,11.9375,0.091286307,1.871727749,0.055837563,0.83248731,0
1,909,0.686619718,0.704225352,23.04761905,0.111538462,3.225206612,0.030425963,0.9168357,0
0,910,0.898477157,0.888324873,16.90909091,0.106557377,2.793010753,0.055276382,0.831658291,0
0,911,0.882758621,0.982758621,11.97916667,0.124260355,2.394782609,0.059900166,0.826955075,0
0,912,0.897526502,1.03180212,18.5483871,0.095930233,3.033043478,0.05509182,0.843071786,0
1,913,0.693069307,0.917491749,12.36170213,0.091549296,1.78313253,0.073089701,0.84551495,0.018704364
0,914,0.907142857,1.057142857,12.25531915,0.110787172,2.366319444,0.065108514,0.794657763,0
1,915,0.719723183,0.633217993,15.73333333,0.111940299,2.639830508,0.034623218,0.890020367,0
0,916,0.866037736,1.035849057,16.34848485,0.128342246,2.615384615,0.052772809,0.838998211,0
1,917,0.665966387,0.781512605,18.43478261,0.118686869,3.20754717,0.031141869,0.885813149,0.070663672
1,918,0.644400786,0.870333988,14.64615385,0.087058824,3.106092437,0.04112337,0.863590772,0.027584678
0,919,0.902777778,0.902777778,11.10810811,0.118959108,2.586374696,0.060465116,0.844186047,0.00913242
0,920,0.697821504,1.068165847,15.82258065,0.175892857,2.849813116,0.053320249,0.836440955,0.021885522
0,921,0.877192982,1.020050125,14.39285714,0.139954853,2.568238213,0.055023923,0.852870813,0
1,922,0.689119171,0.880829016,20.16666667,0.114942529,1.900826446,0.039242219,0.871447903,0.006389776
0,923,0.901960784,1.029411765,13.8,0.103585657,2.149758454,0.056470588,0.821176471,0
0,924,0.905405405,1.144144144,21.63636364,0.106382979,4.819327731,0.060483871,0.822580645,0
0,925,0.949640288,1.122302158,12.29166667,0.106060606,2.206779661,0.074675325,0.808441558,0
1,926,0.483282675,1.105775076,18.72432432,0.125813449,2.883371824,0.073419818,0.826386972,0.106900048
1,927,0.597582038,1.119170984,22.30909091,0.103448276,3.385493073,0.055067837,0.842777334,0.047462284
1,928,0.771276596,0.856382979,12.03448276,0.119402985,1.94269341,0.038781163,0.872576177,0.038484861
1,929,0.780082988,0.854771784,21.28571429,0.094117647,3.617449664,0.025806452,0.896774194,0.011173184
0,930,0.893333333,1.035555556,19.91304348,0.096774194,3.096069869,0.052854123,0.847780127,0
1,931,0.711538462,0.865384615,16.86956522,0.111650485,3.757731959,0.027906977,0.927906977,0.103568349
0,932,0.905882353,1.129411765,20.11111111,0.085714286,3.086556169,0.054577465,0.850352113,0
0,933,0.96,0.88,15.66666667,0.142857143,1.537234043,0.056701031,0.850515464,0
0,934,0.92,1.045714286,13.25925926,0.129310345,2.879888268,0.061662198,0.841823056,0
1,935,0.76097561,0.692682927,15.77272727,0.103286385,2.16426513,0.019230769,0.928571429,0.040977206
0,936,0.81871345,1.003898635,16.0625,0.140384615,2.671206226,0.053420806,0.840674789,0.005988024
1,937,0.769953052,0.82629108,14.96153846,0.172727273,2.359897172,0.035971223,0.868105516,0.07852504
1,938,0.782258065,0.661290323,18.72727273,0.144,1.665048544,0.014563107,0.917475728,0.008079488
0,939,0.806722689,0.952941176,16.84057971,0.111298482,3.031841652,0.05087573,0.847372811,0
1,940,0.711382114,0.743902439,16.5,0.106837607,2.31002331,0.022321429,0.897321429,0.027089918
0,941,0.796116505,0.996359223,12.8515625,0.15503876,2.268693009,0.061248528,0.83745583,0
1,942,0.661211129,0.787234043,17.33333333,0.129292929,2.19047619,0.03125,0.892857143,0.029933878
0,943,0.873417722,0.970464135,15.56666667,0.092198582,2.201284797,0.066115702,0.851239669,0
1,944,0.520572451,1.270125224,18.66176471,0.126649077,1.825059102,0.036042945,0.871165644,0.155638167
0,945,0.933701657,1.143646409,16.16666667,0.092050209,2.12628866,0.056790123,0.824691358,0
1,946,0.413196669,1.107623318,25.90551181,0.14025974,3.12006079,0.04516129,0.85483871,0.290724031
1,947,0.73046875,0.984375,17.51724138,0.15503876,2.744094488,0.059566787,0.835740072,0.089991343
1,948,0.769633508,1.005235602,16.65217391,0.156097561,2.908616188,0.027227723,0.876237624,0.005514266
0,949,0.926530612,1.171428571,21.28,0.105095541,3.34962406,0.075812274,0.80866426,0
0,950,0.808201058,0.986772487,14.44230769,0.163013699,2.887483356,0.045918367,0.857780612,0.005277045
1,951,0.736434109,0.779069767,19.125,0.138461538,2.104575163,0.041237113,0.896907216,0.045876476
0,952,0.901234568,0.967078189,10.86363636,0.084175084,2.435146444,0.066801619,0.825910931,0
0,953,0.809364548,0.931438127,17.5,0.13536379,2.632034632,0.055045872,0.830692244,0
1,954,0.528525296,1.076426265,18.72815534,0.132450331,3.122861586,0.049058474,0.868186323,0.100010766
1,955,0.661392405,1.047468354,15.04651163,0.134275618,2.698608964,0.070901034,0.796159527,0.111896088
1,956,0.482758621,1.111285266,20.72307692,0.058679707,1.684484039,0.059291396,0.839479393,0.037518802
1,957,0.637992832,0.681003584,19.54166667,0.148741419,2.491471215,0.027749229,0.886947585,0.238472245
1,958,0.732484076,0.770700637,21.38461538,0.120253165,1.35971223,0.020833333,0.892361111,0.045004677
0,959,0.854320988,1.086419753,17.24489796,0.11738149,3.699408284,0.054022989,0.848275862,0
0,960,0.941860465,1.011627907,12.35714286,0.103174603,1.820809249,0.0625,0.823863636,0
0,961,0.894927536,0.992753623,18.96551724,0.108024691,2.883636364,0.056042032,0.826619965,0.003355705
1,962,0.757575758,0.887445887,15.57142857,0.102040816,2.456422018,0.041322314,0.873966942,0.065934066
1,963,0.455737705,1.201092896,18.14414414,0.1003861,3.220456802,0.049558391,0.847399411,0.111593008
0,964,0.7375,1.0375,16.00892857,0.136540962,3.168432794,0.062432723,0.839612487,0.007494589
0,965,0.845977011,1.073563218,16.4,0.116129032,2.138580931,0.066738428,0.835306781,0
0,966,0.922558923,0.915824916,14.58974359,0.12605042,2.562390158,0.0625,0.846283784,0
0,967,0.89244186,1.043604651,16.34883721,0.128205128,2.736842105,0.048543689,0.86407767,0
0,968,0.923076923,1.041420118,15,0.097222222,2.188405797,0.055096419,0.848484848,0
1,969,0.663829787,1.021276596,17.59259259,0.077889447,1.550526316,0.04587156,0.847094801,0.030348816
1,970,0.706940874,0.670951157,17.10526316,0.123529412,2.555384615,0.034175334,0.910846954,0.022811759
0,971,0.873111782,0.990936556,15.69047619,0.109289617,3.402124431,0.052941176,0.835294118,0
0,972,0.897435897,1.138461538,16.03846154,0.096385542,2.383693046,0.063084112,0.827102804,0
0,973,0.8,1.087179487,13.91452991,0.147297297,2.640663391,0.065959953,0.813898704,0.002677376
1,974,0.694545455,0.916363636,12.54761905,0.077821012,1.958254269,0.034608379,0.879781421,0.068453821
0,975,0.843347639,0.843347639,18.67391304,0.130705394,3.554132712,0.055432373,0.870288248,0
0,976,0.962025316,0.993670886,16.57894737,0.094339623,2.46984127,0.058823529,0.826625387,0
1,977,0.737704918,0.726775956,14.36363636,0.111702128,2.759493671,0.023188406,0.901449275,0.058171699
1,978,0.622395833,1.028645833,19,0.059561129,3.41720154,0.043640898,0.845386534,0.026226175
1,979,0.754385965,0.859649123,16.96,0.081896552,2.358490566,0.040178571,0.886160714,0
1,980,0.6020558,0.947136564,11.43103448,0.1328125,2.328054299,0.063226744,0.824127907,0.094399677
1,981,0.725,0.860714286,11.57777778,0.144404332,3.366602687,0.076923077,0.809440559,0.070238178
1,982,0.777142857,0.771428571,17.22222222,0.105263158,2.296774194,0.015822785,0.920886076,0.002721088
1,983,0.670403587,0.706278027,20.02631579,0.101876676,3.223390276,0.03875,0.875,0.041000165
0,984,0.948356808,0.835680751,10.02564103,0.163498099,2.388746803,0.04691358,0.837037037,0
1,985,0.662337662,0.826839827,23.44444444,0.087378641,2.372037915,0.016470588,0.917647059,0
1,986,0.640759931,0.889464594,14.39473684,0.132321041,2.042047532,0.044386423,0.855526545,0.099244865
0,987,0.911290323,0.879032258,12.26315789,0.084337349,2.656652361,0.040983607,0.868852459,0
1,988,0.496798976,0.994878361,16.75268817,0.070850202,2.36970475,0.057195572,0.843788438,0.051578914
0,989,0.780621572,1.001828154,14.22077922,0.128787879,2.000913242,0.037785589,0.868189807,0
1,990,0.509269357,1.199563795,15.39694656,0.13253012,2.582052553,0.05473584,0.836268444,0.166824749
1,991,0.572815534,0.922330097,18,0.06640625,3.052188552,0.046849758,0.880452342,0.034348116
0,992,0.807926829,1.06554878,14.41489362,0.128881988,2.698892989,0.061614731,0.82223796,0.007712082
1,993,0.716,0.884,14.71875,0.108870968,3.186836518,0.043233083,0.883458647,0.009230769
0,994,0.757914339,1.05027933,16.68181818,0.157112527,2.856494096,0.052585451,0.843996494,0
0,995,0.92893401,1.086294416,12.08823529,0.119521912,2.253041363,0.055944056,0.813519814,0
1,996,0.368792242,1.03408757,21.83596215,0.229046243,3.438746027,0.034150261,0.892460158,1.965513848
0,997,0.908045977,0.969348659,15.57575758,0.123809524,3.332684825,0.041666667,0.867424242,0
0,998,0.637436762,0.979342327,14.76415094,0.212598425,2.736528222,0.054009483,0.843949701,0.027808585
0,999,0.90625,1.035714286,13.41176471,0.098181818,2.651315789,0.074152542,0.800847458,0
1,1000,0.758293839,0.924170616,12.3030303,0.071111111,2.184729064,0.06712963,0.842592593,0